"","TF","D","W"
"34","JUND","O",0.086452607280856
"130","JUN","O",0.0828643378861643
"10","JUND","O",0.0809912321984154
"408","JUN","O",0.0807225008187783
"370","JUN","O",0.0772801223544976
"72","JUN","O",0.0762574525769173
"644","JUN","O",0.0731854215147043
"1222","JUN","O",0.0728774715462142
"306","JUND","O",0.0723409906020476
"230","JUND","O",0.0721307201872865
"50","JUND","O",0.0708958858402617
"24","MEF2C","O",0.0676041827781483
"226","JUND","O",0.0663930550331177
"38","JUND","O",0.0656174197860112
"600","JUND","O",0.0655240797701522
"46","MEF2A","O",0.0655112105089384
"1176","JUND","O",0.0654230605950192
"69","STAT1","I",0.0650801931303385
"144","JUND","O",0.0642468403785906
"974","JUND","O",0.0641040229574399
"172","MEF2A","O",0.0626979647800643
"124","JUND","O",0.0599761256181886
"606","EGR1","O",0.0588564654621179
"522","EGR1","O",0.0575560670424391
"202","EGR1","O",0.0562210853441973
"1174","EGR1","O",0.0561124515433981
"988","EGR1","O",0.0560823310932456
"136","EGR1","O",0.0542676876830719
"354","ZBTB7A","O",0.0497568939174324
"47","CEBPB","I",0.0492085222354604
"622","ZBTB7A","O",0.0487342982262208
"580","IKZF1","O",0.0478499313154324
"410","POU2F2","O",0.0464000505287569
"692","POU2F2","O",0.0458051852035436
"148","ZBTB7A","O",0.0451799154805782
"150","FOS","O",0.044980168957053
"111","CEBPB","I",0.0437461080361048
"610","FOS","O",0.0430380251776933
"167","STAT1","I",0.0426440439319675
"270","FOS","O",0.042513439090346
"117","CEBPB","I",0.0423336438325287
"1216","FOS","O",0.0420670199915276
"804","FOS","O",0.0416148530222268
"407","JUN","I",0.041546373518999
"33","JUND","I",0.0411082795947473
"889","MAFF","I",0.0402781645257541
"369","JUN","I",0.0401267513932179
"71","JUN","I",0.040076108445166
"129","JUN","I",0.0399824962881766
"20","NR3C1","O",0.0394659474771673
"394","ZMIZ1","O",0.0393515180508034
"681","MAFF","I",0.0390454062310319
"365","CEBPB","I",0.038546029449709
"207","CEBPB","I",0.0380544883581235
"1123","CEBPB","I",0.0380415087829911
"829","STAT1","I",0.0378538830339228
"587","CEBPB","I",0.0378289668680364
"1221","JUN","I",0.0378181891284572
"3","SUZ12","I",0.0377382935618962
"643","JUN","I",0.0376649656383037
"684","SPI1","O",0.0375861379226715
"227","CEBPB","I",0.0375468160400078
"206","SPI1","O",0.0375365802990217
"890","MAFF","O",0.037262516985942
"735","CEBPB","I",0.0369325073066452
"1116","ZMIZ1","O",0.0367081155255801
"682","MAFF","O",0.0365925263586651
"352","NR3C1","O",0.0364815929195146
"1071","CBX3","I",0.0362072971510924
"286","SPI1","O",0.0354949721244493
"1203","CEBPB","I",0.0352062416594026
"1121","CEBPB","I",0.0347047955025966
"70","STAT1","O",0.0346126821689444
"420","SPI1","O",0.0345036432070079
"623","CEBPB","I",0.0340131353412438
"826","ZMIZ1","O",0.0340046809810923
"25","GABPA","I",0.0331117448296266
"344","ATF3","O",0.0326931738995673
"149","FOS","I",0.0324621303088213
"609","FOS","I",0.0323646644460897
"176","ATF3","O",0.0321909219558043
"976","ATF3","O",0.0320133361503883
"372","ATF3","O",0.0318084487838191
"37","JUND","I",0.0316232969555431
"774","NCOR1","O",0.0315985424317636
"269","FOS","I",0.0315283127217054
"803","FOS","I",0.0314280223506993
"305","JUND","I",0.0307219882064287
"4","SUZ12","O",0.03069076101535
"1215","FOS","I",0.0306637091906174
"229","JUND","I",0.030589252332882
"388","ATF3","O",0.0302823922116033
"1072","CBX3","O",0.0299441188767616
"9","JUND","I",0.0298995401976991
"736","CEBPB","O",0.0298338126662107
"52","NR3C1","O",0.0294565880004875
"48","CEBPB","O",0.0294539594019005
"599","JUND","I",0.0292708819820981
"1175","JUND","I",0.0292404562595994
"366","CEBPB","O",0.0292025939592207
"225","JUND","I",0.0290394160730877
"49","JUND","I",0.0290335078770098
"143","JUND","I",0.0290151116857555
"123","JUND","I",0.0289218405573835
"512","NFATC1","O",0.0288854741336369
"605","EGR1","I",0.028858443466489
"166","CEBPZ","O",0.0286361904659105
"1229","IRF1","I",0.02849427368507
"411","SAP30","I",0.0284692300627649
"171","MEF2A","I",0.0281764692973838
"588","CEBPB","O",0.0280644924456237
"118","CEBPB","O",0.0280533079974197
"112","CEBPB","O",0.0279252802800017
"973","JUND","I",0.0279244313287983
"1204","CEBPB","O",0.0279216944306876
"521","EGR1","I",0.0278980134078695
"1130","FLI1","O",0.0278007645837933
"58","ZZZ3","O",0.0276037120928119
"624","CEBPB","O",0.0274233485333189
"35","ZZZ3","I",0.0274210190481182
"544","HMGN3","O",0.0274109473478723
"1124","CEBPB","O",0.0271843262630491
"948","CHD7","O",0.0271732270610202
"457","SAP30","I",0.0271559985901456
"208","CEBPB","O",0.0269283994457386
"1122","CEBPB","O",0.0269116027851416
"23","MEF2C","I",0.0268492727080906
"168","STAT1","O",0.026724826381476
"228","CEBPB","O",0.0266692783258759
"592","CCNT2","O",0.0263976850862056
"987","EGR1","I",0.0263270895771633
"576","CHD7","O",0.0262780761590672
"830","STAT1","O",0.0262744775387257
"543","HMGN3","I",0.026268501533369
"36","ZZZ3","O",0.0258152666286582
"1173","EGR1","I",0.0257957898449011
"854","ETS1","O",0.0257538380532943
"201","EGR1","I",0.0257248404373773
"45","MEF2A","I",0.0257043942577292
"1028","ETS1","O",0.0254135555513721
"194","SUZ12","O",0.0251807242569716
"563","SUZ12","I",0.025136788673628
"26","GABPA","O",0.0249376228855478
"27","CBX3","I",0.0248518271974495
"57","ZZZ3","I",0.0248015659752068
"579","IKZF1","I",0.0245680614705714
"975","ATF3","I",0.0245160926723712
"193","SUZ12","I",0.0244436846662558
"564","SUZ12","O",0.0244113919168716
"88","NFIC","O",0.0244054617387151
"371","ATF3","I",0.0242488874083751
"105","RELA","I",0.0241180285383073
"1169","GABPA","I",0.0239618459023251
"1109","GABPA","I",0.0238676735672956
"73","TCF7L2","I",0.0238129146645309
"12","EP300","O",0.0237802534629319
"135","EGR1","I",0.0237699878704769
"903","GABPA","I",0.0237633273916033
"1141","GABPA","I",0.023658664047406
"347","GABPA","I",0.0235683642751373
"925","GABPA","I",0.0235078226802143
"810","RELA","O",0.0234161684109486
"28","CBX3","O",0.0233957835399521
"444","HDAC1","O",0.0233195282590626
"1131","GABPA","I",0.0232279373413083
"40","ETS1","O",0.0230517151273602
"160","RELA","O",0.0230467143184197
"343","ATF3","I",0.0229915455176652
"290","RELA","O",0.0229894142878817
"1135","GABPA","I",0.0229524673026741
"728","CHD2","O",0.0228789194333249
"387","ATF3","I",0.0228547094973379
"462","ETS1","O",0.0228042545270417
"750","CHD2","O",0.0227557659533929
"292","ELF1","O",0.0227144274687164
"414","ETS1","O",0.0226638989658412
"992","RELA","O",0.0225818372103632
"526","RNF2","O",0.0225475497228045
"936","ELF1","O",0.0223896686714223
"175","ATF3","I",0.0223815408563404
"651","EP300","I",0.0223684214556715
"353","ZBTB7A","I",0.0223300297299997
"952","RELA","O",0.0223084133775124
"968","RELA","O",0.022248070347426
"989","GABPA","I",0.0222057804323031
"1020","RELA","O",0.0220621467707021
"828","CHD2","O",0.0220520910677999
"92","NFIC","O",0.0220191308901961
"147","ZBTB7A","I",0.0220130325633443
"232","ELF1","O",0.0219846285105967
"621","ZBTB7A","I",0.0219207318837467
"550","CHD2","O",0.0218706716682865
"1142","GABPA","O",0.0218492515451938
"982","RELA","O",0.0218121305178602
"1136","GABPA","O",0.0218098516625743
"966","RELA","O",0.0217839809161717
"778","ELF1","O",0.0217750846495117
"1074","CHD2","O",0.0217450330814071
"691","POU2F2","I",0.0217449308164242
"722","MAX","O",0.0216654696260635
"716","CHD2","O",0.0216538635889006
"339","GABPA","I",0.0216369055658194
"904","GABPA","O",0.0215651942892995
"776","TRIM28","O",0.0215627768397386
"1110","GABPA","O",0.0215601711465287
"1170","GABPA","O",0.0215452489283135
"648","TRIM28","O",0.0214877564111102
"298","MAX","O",0.0214118727450695
"331","PRDM1","I",0.0213634666478497
"998","ELF1","O",0.0212998505457686
"926","GABPA","O",0.021295613054821
"1132","GABPA","O",0.0212505328121896
"1210","MAX","O",0.0212317279358365
"1000","MAX","O",0.0212267098746651
"1206","MAX","O",0.0211973600364409
"252","ELF1","O",0.0211608500874467
"1044","MAX","O",0.0211448475963033
"238","GTF3C2","O",0.0211251007653009
"1042","MAX","O",0.021007864962765
"698","CHD2","O",0.0209826112040979
"326","MAX","O",0.0209662151464938
"348","GABPA","O",0.0208715516039245
"990","GABPA","O",0.0208682378036911
"278","NFIC","O",0.0208556563624151
"632","ELF1","O",0.0208384264703411
"902","MAX","O",0.0208002839478147
"412","SAP30","O",0.0207703611617274
"853","ETS1","I",0.0207435809257825
"303","ZKSCAN1","I",0.0207429748089301
"1180","MAX","O",0.0207216837459193
"134","TAF7","O",0.0207025768144121
"641","WRNIP1","I",0.0206907746623731
"61","HSF1","I",0.0205837685106529
"409","POU2F2","I",0.0205725776862551
"1168","MAX","O",0.0205693324888051
"593","EP300","I",0.0205545907255724
"678","MAX","O",0.0205309497137858
"128","GTF3C2","O",0.0205161342150569
"274","MAX","O",0.0204257930077162
"430","NFIC","O",0.0204177673211065
"106","RELA","O",0.020406822204289
"443","HDAC1","I",0.0201971090080893
"1088","MAX","O",0.0201924988527365
"1148","MAX","O",0.0201564515460228
"652","EP300","O",0.020151537744462
"214","EP300","O",0.0201483673732977
"265","EP300","I",0.0199812069846422
"642","WRNIP1","O",0.0199454261099922
"686","TRIM28","O",0.0199408128647978
"458","SAP30","O",0.0199041309875195
"1230","IRF1","O",0.019883198671992
"55","ZKSCAN1","I",0.0197950627652452
"878","EP300","O",0.0197902244909065
"685","TRIM28","I",0.0197325646472651
"115","MAFK","I",0.0197255888072266
"1076","CHD1","O",0.0197245797947076
"81","TCF12","I",0.0197114660852139
"978","USF1","O",0.0197095475142394
"39","ETS1","I",0.019704199884569
"393","ZMIZ1","I",0.0196856058743518
"757","NFYB","I",0.0196745989494111
"390","MAX","O",0.0196664266107726
"340","GABPA","O",0.0196636248538207
"798","CHD1","O",0.0196247404937912
"1154","CHD1","O",0.0196075160183721
"1172","EP300","O",0.0195792719235589
"142","CHD1","O",0.0195674606087965
"266","EP300","O",0.0195270158338502
"470","TAF7","O",0.0194589413075892
"1234","EP300","O",0.0193774253043593
"723","MAFK","I",0.0193741242612727
"1098","EP300","O",0.0193707687296895
"559","NFYB","I",0.0193124807285383
"594","EP300","O",0.0192872946220553
"525","RNF2","I",0.0192814239288779
"1178","YY1","O",0.0192693548903606
"780","YY1","O",0.0192669112367398
"1062","USF1","O",0.0192204509185601
"100","EP300","O",0.0192073261901725
"838","CHD1","O",0.0191864173760556
"356","CHD1","O",0.0191815864747389
"775","TRIM28","I",0.0191592102472621
"346","USF1","O",0.0190835603269323
"1086","USF1","O",0.0190481797138253
"1228","EP300","O",0.0190160016262108
"448","YY1","O",0.0189478260606074
"324","YY1","O",0.0188736698979263
"668","YY1","O",0.0188319075976549
"647","TRIM28","I",0.0187445475455919
"783","TAF1","I",0.0187296065553247
"1048","EP300","O",0.0186691915959184
"335","CREBBP","I",0.0185746797964504
"237","GTF3C2","I",0.018564988255866
"296","YY1","O",0.0185313658023686
"204","YY1","O",0.0185272807096371
"256","YY1","O",0.0185243039575568
"1102","EP300","O",0.0184614383834426
"404","BACH1","O",0.0183828018206465
"1077","TAF1","I",0.018321417427333
"1158","YY1","O",0.0182853342083324
"333","TAF1","I",0.0182827178139808
"200","YY1","O",0.0182370549361447
"1150","USF1","O",0.0182346346078376
"591","CCNT2","I",0.0182242506758121
"74","TCF7L2","O",0.0182172044855244
"382","USF1","O",0.018207378565645
"368","EP300","O",0.0182030078579344
"683","SPI1","I",0.0181796849668943
"1027","ETS1","I",0.0181749132061809
"961","HDAC2","I",0.0181426276406664
"1090","USF1","O",0.0181425560377461
"1050","YY1","O",0.018104761526727
"746","TCF3","O",0.0180695339233935
"137","REST","I",0.018028438935668
"701","TAF1","I",0.0180168429109777
"880","NFYA","O",0.018015228045046
"19","NR3C1","I",0.0180063466219315
"1015","PBX3","I",0.0179934751131938
"743","NFYB","I",0.017946692045054
"342","EP300","O",0.0179389619664412
"527","MAFK","I",0.0179371855798355
"741","TAF1","I",0.0179139995158392
"674","NFYA","O",0.0178680526290515
"745","TCF3","I",0.0177978052937631
"511","NFATC1","I",0.0177956861978809
"205","SPI1","I",0.0177815266450872
"1160","USF1","O",0.0177630580674726
"884","TCF7L2","O",0.0177334302929031
"243","PBX3","I",0.0176774359244511
"1140","TCF7L2","O",0.0176531860697135
"764","NFYA","O",0.0176097412651531
"911","HDAC2","I",0.0175944811607794
"322","CTCF","O",0.0175847462424133
"424","CTBP2","O",0.0175701713038798
"285","SPI1","I",0.0175648447861549
"794","USF1","O",0.0175639783768604
"762","CTCF","O",0.0175397053946564
"481","TAF1","I",0.0175143126300459
"763","NFYA","I",0.0175003739950671
"950","GTF2B","O",0.0174733640080803
"436","TCF7L2","O",0.0174547175672926
"534","TCF7L2","O",0.0174318089098214
"1181","SETDB1","I",0.017391934052801
"1066","USF1","O",0.0173627558784294
"127","GTF3C2","I",0.0173485378654759
"182","CTCF","O",0.0173251946173032
"524","CTCF","O",0.0173159557544119
"770","BACH1","O",0.0173060282889777
"275","MAFK","I",0.0173058286374391
"247","SREBF1","I",0.0173032819836711
"158","ZEB1","O",0.0172204889119107
"673","NFYA","I",0.0172057919171126
"917","ZKSCAN1","I",0.0171998903956208
"62","HSF1","O",0.0171921536395536
"834","CTCF","O",0.0171648076701524
"170","HDAC2","O",0.0171524912076382
"337","TAF1","I",0.0171515684470327
"552","KDM5A","O",0.017148321179336
"11","EP300","I",0.0170751377805699
"1190","CTCF","O",0.0170678428224734
"1041","MAX","I",0.0170551753295277
"694","CTCF","O",0.0170520905017667
"213","EP300","I",0.0170305216844641
"937","KAT2B","I",0.0170098882555555
"351","NR3C1","I",0.0170020713983113
"122","CTCF","O",0.0169822473150494
"427","TAF1","I",0.0169696454416603
"452","CTCF","O",0.0169611734652202
"546","STAT3","O",0.0168748748699339
"350","TCF3","O",0.0168720241124793
"22","ZEB1","O",0.016844025519793
"248","SREBF1","O",0.0168426990583964
"1115","ZMIZ1","I",0.0168387798318153
"44","HDAC2","O",0.0168320267165414
"283","TAF1","I",0.016830716698455
"492","CTCF","O",0.0168244264771336
"191","PML","I",0.016808248352518
"401","KDM5B","I",0.0168026230484267
"845","PBX3","I",0.0167943062934975
"879","NFYA","I",0.0167908668816432
"476","CTCF","O",0.0167639653226729
"516","CTCF","O",0.0167497933652791
"596","CTCF","O",0.0167497712077661
"628","CTCF","O",0.0167443312297953
"157","ZEB1","I",0.0166897783458867
"825","ZMIZ1","I",0.0166820428304117
"250","CTCF","O",0.016678838500079
"637","KDM1A","I",0.0166749347942936
"1232","CTCF","O",0.0166734744094994
"598","CTCF","O",0.0166667418874532
"532","CTCF","O",0.0165902197199087
"107","TAF1","I",0.0165717847964783
"916","TCF7L2","O",0.0165679812451469
"435","TCF7L2","I",0.0165404502101729
"468","CTCF","O",0.0164873693400045
"267","TAF1","I",0.0164681518189727
"1171","EP300","I",0.0164672936418305
"177","TCF12","I",0.0164670571339941
"677","MAX","I",0.0164525359808413
"374","CTCF","O",0.0164504580356021
"765","CUX1","I",0.0164458434566509
"281","TAF1","I",0.0164301598266668
"478","CTCF","O",0.0164149807564964
"614","CTCF","O",0.0164116518114766
"541","MAFK","I",0.0163875869967848
"508","CTCF","O",0.0163763485158279
"714","CTCF","O",0.0163659572469045
"400","CTCF","O",0.0163325481437516
"506","CTCF","O",0.0163291506124859
"15","RXRA","I",0.0163125675182828
"300","CTCF","O",0.0163030080118151
"141","CHD1","I",0.0163029842297148
"442","CTCF","O",0.0162907844373974
"849","ARID3A","I",0.0162820217627737
"912","HDAC2","O",0.0162635193355839
"301","SP1","I",0.0162437004297895
"488","CTCF","O",0.0162341563271964
"463","TAF1","I",0.0162324673218786
"721","MAX","I",0.0162296269593509
"1126","CTCF","O",0.0162281037813182
"562","CTCF","O",0.0162227956406503
"133","TAF7","I",0.0162200663941028
"1224","CTCF","O",0.0161905006232511
"432","CTCF","O",0.0161858931502888
"654","CTCF","O",0.0161788493347415
"220","CTCF","O",0.0161731670967878
"264","CTCF","O",0.0161569009063832
"1212","CTCF","O",0.0161483153684759
"1014","CTCF","O",0.0161433376198338
"602","CTCF","O",0.0161338952780848
"1208","STAT3","O",0.0161256488547766
"510","SETDB1","O",0.0161115014600092
"1218","CTCF","O",0.0161082225108354
"1146","CTCF","O",0.0161039856669899
"314","CTCF","O",0.0161005071978692
"958","CTCF","O",0.0160795648378066
"1010","CTCF","O",0.0160710104366457
"1","TCF12","I",0.0160679020564544
"656","CTCF","O",0.0160639971572537
"760","CTCF","O",0.0160600974597451
"272","CTCF","O",0.0160520806948041
"570","CTCF","O",0.016047942548973
"820","STAT3","O",0.0160409631822422
"152","CREB1","O",0.0160407568111434
"788","CTCF","O",0.0160405191622969
"566","CTCF","O",0.016011649144595
"554","CTCF","O",0.0160062038926879
"1162","CTCF","O",0.0159960335179248
"99","EP300","I",0.0159375654214532
"288","CTCF","O",0.0159370987738229
"660","CTCF","O",0.0159240007221383
"358","CREB1","O",0.0159178117183887
"440","CTCF","O",0.0159024223898445
"616","CTCF","O",0.0158854460428743
"944","CTCF","O",0.0158769787273899
"362","CTCF","O",0.0158691995511842
"710","CTCF","O",0.0158664985593127
"640","CTCF","O",0.0158441970238401
"842","CTCF","O",0.0158419485495214
"1144","CTCF","O",0.0158283032331533
"1156","CTCF","O",0.0158069143818777
"426","CTCF","O",0.0157978165509381
"1220","CTCF","O",0.0157968344171
"450","CTCF","O",0.0157956759767199
"1047","EP300","I",0.0157890749044612
"211","TCF12","I",0.0157713186920831
"378","CTCF","O",0.0157417266637471
"754","CTCF","O",0.0157401522013853
"461","ETS1","I",0.0157340251400441
"572","CTCF","O",0.0157299408660181
"419","SPI1","I",0.0157273311593856
"259","SP1","I",0.0157253187864005
"1092","CTCF","O",0.015715219229328
"706","CREB1","O",0.0157121953996438
"962","HDAC2","O",0.0157107625968016
"533","TCF7L2","I",0.0157042058920585
"434","CTCF","O",0.0156851239933315
"940","CTCF","O",0.0156842288503567
"608","CTCF","O",0.0156759073185121
"486","CTCF","O",0.0156608356988627
"386","CTCF","O",0.0156580704500532
"406","CTCF","O",0.0156334791307605
"416","CTCF","O",0.0156326594313833
"1167","MAX","I",0.0156228699142737
"1186","CTCF","O",0.0156218403917062
"316","CTCF","O",0.0156188043265588
"756","CTCF","O",0.0156085624944167
"308","CTCF","O",0.0155794539805621
"484","CTCF","O",0.0155772765194802
"500","CTCF","O",0.0155746165288487
"877","EP300","I",0.0155655218015925
"360","CTCF","O",0.015563790120307
"867","MAFK","I",0.0155604051971012
"899","CUX1","I",0.0155517786380839
"650","CTCF","O",0.0155444689626123
"332","PRDM1","O",0.0155265302748244
"364","CTCF","O",0.0155262977913438
"63","STAT2","I",0.0155110757978896
"466","CTCF","O",0.0154865442021235
"262","CTCF","O",0.0154735064380715
"876","CTCF","O",0.0154607514709631
"689","HCFC1","I",0.0154516105398657
"154","REST","O",0.015445794289715
"556","CTCF","O",0.0154443396442349
"590","CTCF","O",0.0154419129703537
"634","CTCF","O",0.0154361201676094
"1097","EP300","I",0.0154352733263097
"480","CTCF","O",0.0154149144945676
"886","MYC","O",0.0154060372753389
"999","MAX","I",0.0153997529006058
"822","MYC","O",0.0153913493119318
"1138","CTCF","O",0.0153912739330942
"328","CTCF","O",0.0153902472029887
"1147","MAX","I",0.0153898304721864
"1182","SETDB1","O",0.0153788214309466
"56","ZKSCAN1","O",0.0153787768971323
"341","EP300","I",0.0153590120706542
"98","REST","O",0.0153578454756037
"548","CTCF","O",0.0153536777493334
"502","CTCF","O",0.0153462234357505
"584","CTCF","O",0.0153462234357505
"474","CTCF","O",0.0153329395891983
"87","NFIC","I",0.0153310408956871
"800","CREB1","O",0.0153275353615641
"536","CTCF","O",0.0153233244722392
"413","ETS1","I",0.015321041858345
"116","MAFK","O",0.0152803678618983
"7","RXRA","I",0.0152702019149417
"1209","MAX","I",0.0152672601833751
"159","RELA","I",0.0152591464538347
"831","ARID3A","I",0.015241503193184
"528","MAFK","O",0.0152232153762423
"1233","EP300","I",0.0152216844905843
"509","SETDB1","I",0.0152197076430107
"738","CREB1","O",0.0152018534572285
"438","CTCF","O",0.0151781455990537
"892","MYC","O",0.0151721587435463
"748","CTCF","O",0.0151237737170989
"520","CTCF","O",0.0151186555491168
"1183","MAFK","I",0.0151161094791557
"1087","MAX","I",0.0151026102517943
"59","REST","I",0.0150640344265932
"1006","MYC","O",0.0150636360237904
"325","MAX","I",0.015057356699832
"1227","EP300","I",0.0150205047373317
"578","CTCF","O",0.0150122184925152
"942","CTCF","O",0.0150072515121047
"1179","MAX","I",0.0149970925127783
"396","CTCF","O",0.0149560238467491
"504","CTCF","O",0.0149409069189294
"67","REST","I",0.0149407981933552
"1043","MAX","I",0.0149326954755989
"913","TBL1XR1","I",0.0148722441124765
"1192","MYC","O",0.0148709666539971
"165","CEBPZ","I",0.0148698970646122
"1205","MAX","I",0.0148599789913999
"459","SP1","I",0.0148108481062951
"1101","EP300","I",0.0148076088383357
"1244","MYC","O",0.0148074921985997
"375","SP1","I",0.014772664489367
"169","HDAC2","I",0.0147567649635524
"1196","MYC","O",0.0147077376305347
"832","ARID3A","O",0.0147073145592347
"138","REST","O",0.0147012341804522
"367","EP300","I",0.0146961924563527
"801","MAFK","I",0.0146550926866004
"257","PML","I",0.0146542520564588
"1075","CHD1","I",0.0146357736979386
"827","CHD2","I",0.0146211284991526
"740","MYC","O",0.0145966594372525
"490","CTCF","O",0.0145510670910888
"174","REST","O",0.0145417763282574
"1070","MYC","O",0.0145087806198037
"724","MAFK","O",0.0145011658401879
"1199","TBL1XR1","I",0.0145000447566112
"297","MAX","I",0.0144881032937306
"1236","MYC","O",0.0144874796626562
"758","NFYB","O",0.0144547581308736
"901","MAX","I",0.0144351489392246
"542","MAFK","O",0.0144294814704199
"273","MAX","I",0.0144072180444977
"60","REST","O",0.014405402911916
"1139","TCF7L2","I",0.014404258546367
"233","ZC3H11A","I",0.0143801632573242
"79","SREBF2","I",0.0143605714894938
"276","MAFK","O",0.0143515662395556
"155","IRF3","I",0.0143487940141218
"881","POLR2A","I",0.0143299476128917
"749","CHD2","I",0.0143284455431274
"389","MAX","I",0.014306733809925
"665","SP1","I",0.0142827045237953
"68","REST","O",0.0142690823462705
"670","MAZ","O",0.0142611730044871
"242","CREB1","O",0.0142459210498952
"471","PML","I",0.0142344842972544
"83","SREBF1","I",0.0142244837187082
"417","KDM5B","I",0.0142045510233123
"110","REST","O",0.0141997209095863
"84","SREBF1","O",0.0141664352104359
"1037","POLR2A","I",0.0141350142702103
"1103","POLR2A","I",0.0141025016769697
"873","USF2","I",0.0141008755009945
"619","IRF3","I",0.0140980594044338
"835","USF2","I",0.0140958387401581
"151","CREB1","I",0.0140896483993562
"153","REST","I",0.0140777815211952
"883","TCF7L2","I",0.0140691364901875
"946","MYC","O",0.0140567140930776
"391","SP4","I",0.0140558223053573
"560","NFYB","O",0.0140340628069132
"21","ZEB1","I",0.0140242170244544
"850","ARID3A","O",0.0140026725655645
"32","MAFK","O",0.013994413847715
"51","NR3C1","I",0.0139615501124639
"82","TCF12","O",0.0139552040286793
"209","TCF12","I",0.013942323634572
"289","RELA","I",0.0139370223065172
"1060","HCFC1","O",0.0139110728594877
"29","REST","I",0.0138951485948192
"994","MAZ","O",0.0138820279930186
"349","TCF3","I",0.0138705659834864
"951","RELA","I",0.0138659280874181
"309","POLR2A","I",0.0138599330134781
"469","TAF7","I",0.0138557344834704
"773","NCOR1","I",0.0138531723018481
"909","POLR2A","I",0.0138334734964634
"1084","MYC","O",0.0137483090539754
"494","MAZ","O",0.0137336167824359
"809","RELA","I",0.0137160937147614
"707","POLR2A","I",0.0137123558406134
"663","CHD4","I",0.0136687636167497
"1029","POLR2A","I",0.0136515208378531
"89","ZC3H11A","I",0.0136485665874962
"1108","HCFC1","O",0.0136172206934815
"915","TCF7L2","I",0.0136046458532911
"30","REST","O",0.0135931280456616
"357","CREB1","I",0.0135848738073332
"293","TCF12","I",0.01355748411371
"1054","REST","O",0.0135504013845055
"727","CHD2","I",0.0135263253608262
"245","TCF12","I",0.0135235643559485
"31","MAFK","I",0.0135232105651958
"921","USF2","I",0.0135076491905177
"907","POLR2A","I",0.0135025795989607
"808","HCFC1","O",0.0134850622251366
"241","CREB1","I",0.0134682294244286
"80","SREBF2","O",0.0134307306317518
"1067","POLR2A","I",0.0134273914688835
"868","MAFK","O",0.0134244976692254
"574","MAZ","O",0.0133950796333331
"1129","FLI1","I",0.0133946108363305
"979","POLR2A","I",0.0133807257724544
"1112","REST","O",0.0133766378926141
"967","RELA","I",0.0133725019719169
"43","HDAC2","I",0.013365980700978
"991","RELA","I",0.013343996126433
"1184","MAFK","O",0.0133438895975779
"140","REST","O",0.0133379101197777
"715","CHD2","I",0.0133188125470842
"334","TAF1","O",0.0133046506251327
"551","KDM5A","I",0.013302183304426
"1120","REST","O",0.0132802263233111
"1094","HCFC1","O",0.0132505264315355
"1239","POLR2A","I",0.0132458403689681
"1073","CHD2","I",0.0132294250803671
"690","HCFC1","O",0.0132064783504567
"1004","MAZ","O",0.013205308850366
"784","TAF1","O",0.0131925359956575
"514","REST","O",0.0131902001389538
"737","CREB1","I",0.0131842026172321
"869","POLR2A","I",0.0131788218146837
"766","CUX1","O",0.013170953870018
"582","REST","O",0.013145403680341
"731","USF2","I",0.0131426001575461
"549","CHD2","I",0.0131028186886932
"900","CUX1","O",0.0130825706745583
"821","MYC","I",0.0130807232249203
"14","REST","O",0.0130786170055141
"733","MXI1","I",0.0130786007206725
"638","KDM1A","O",0.0130648079807286
"752","MAZ","O",0.0130558573821419
"983","POLR2A","I",0.0130449249660291
"799","CREB1","I",0.0130431728266378
"1005","MYC","I",0.0130256614824467
"893","POLR2A","I",0.0130074612906336
"304","ZKSCAN1","O",0.0130057071892968
"744","NFYB","O",0.0130049178136916
"1241","POLR2A","I",0.012999391839412
"739","MYC","I",0.0129992173647645
"705","CREB1","I",0.0129969433452364
"239","MTA3","I",0.0129941852802191
"802","MAFK","O",0.012956847407427
"1105","USF2","I",0.0129448717256115
"1245","POLR2A","I",0.0129363849140707
"861","POLR2A","I",0.0129175230215789
"244","PBX3","O",0.0129162313863496
"1163","UBTF","I",0.0129117213525144
"919","POLR2A","I",0.0129068452050131
"1039","POLR2A","I",0.0128820665056387
"493","MAZ","I",0.0128794667150824
"291","ELF1","I",0.0128308624402714
"1225","POLR2A","I",0.0128196648242008
"630","MAZ","O",0.0128070458056983
"253","POLR2A","I",0.0127897933808159
"2","TCF12","O",0.0127882093978826
"1011","POLR2A","I",0.0127752494359681
"1017","UBTF","I",0.0127738693241427
"815","IRF3","I",0.012766932866719
"91","NFIC","I",0.0127410540638174
"495","SMC3","I",0.0127376863144743
"1193","POLR2A","I",0.0127209198737252
"797","CHD1","I",0.0127126338045078
"1025","UBTF","I",0.0126939498362101
"1095","USF2","I",0.0126885656940517
"645","POLR2A","I",0.0126807443151506
"905","POLR2A","I",0.0126398894312555
"284","TAF1","O",0.0126377902962086
"75","RXRA","I",0.0126328432144566
"1119","REST","I",0.0126304040320935
"699","POLR2A","I",0.0126140940154436
"1078","TAF1","O",0.0126044339941654
"573","MAZ","I",0.0126037016818945
"1237","POLR2A","I",0.0125698754908011
"64","STAT2","O",0.0125606808795162
"1019","RELA","I",0.0125512804263088
"539","RAD21","I",0.0125506845652728
"1016","PBX3","O",0.0125442761032704
"1191","MYC","I",0.0125295377965291
"1099","POLR2A","I",0.0125248443012345
"145","SMARCC2","I",0.0125230615897539
"1187","POLR2A","I",0.0125147672505657
"537","MXI1","I",0.0125135297742319
"6","REST","O",0.0125043871669136
"617","SMC3","I",0.012485878031365
"945","MYC","I",0.0124825270424442
"725","SMC3","I",0.0124816776043494
"77","RXRA","I",0.0124797454544987
"947","CHD7","I",0.0124708874712446
"428","TAF1","O",0.0124642197855715
"1003","MAZ","I",0.0124544854837682
"742","TAF1","O",0.0124443755935986
"1053","REST","I",0.0124355234431525
"212","TCF12","O",0.0124292088079792
"482","TAF1","O",0.0124213167293608
"178","TCF12","O",0.0124104857103872
"771","USF2","I",0.0124048004978451
"949","GTF2B","I",0.0124035669014109
"585","MXI1","I",0.012369830186745
"453","RAD21","I",0.0123666091035482
"697","CHD2","I",0.0123628320922555
"1243","MYC","I",0.0123581470715075
"851","POLR2A","I",0.0123545492042775
"282","TAF1","O",0.0123485183465724
"173","REST","I",0.0123057417820043
"497","POLR2A","I",0.0122811578505781
"1213","POLR2A","I",0.0122794725102773
"1151","POLR2A","I",0.0122588190659564
"664","CHD4","O",0.0122544302846793
"891","MYC","I",0.0122472393989557
"895","POLR2A","I",0.0122415127307297
"1093","HCFC1","I",0.0122342145332192
"938","KAT2B","O",0.0122211063269511
"1133","POLR2A","I",0.0122080571530786
"1165","RAD21","I",0.0122063051724639
"703","MXI1","I",0.0122006182519897
"629","MAZ","I",0.0121987160600852
"139","REST","I",0.0121930033551881
"859","POLR2A","I",0.0121911988535252
"779","YY1","I",0.0121868663711022
"1235","MYC","I",0.0121797319944557
"702","TAF1","O",0.0121788278959323
"1031","POLR2A","I",0.0121735998133925
"927","POLR2A","I",0.0121632575948066
"336","CREBBP","O",0.0121465867407377
"923","MXI1","I",0.0121410165141577
"965","RELA","I",0.012139538275335
"837","CHD1","I",0.0121264273832715
"197","BCLAF1","I",0.0121146048225937
"935","ELF1","I",0.0121020259937149
"777","ELF1","I",0.012101875549361
"679","SMC3","I",0.0120977351536876
"1153","CHD1","I",0.0120819646815616
"231","ELF1","I",0.0120714978890418
"277","NFIC","I",0.0120714755691196
"109","REST","I",0.0120110878985414
"1111","REST","I",0.0120105201492496
"751","MAZ","I",0.0120056612953231
"931","POLR2A","I",0.0120012088545069
"839","POLR2A","I",0.011991581434855
"846","PBX3","O",0.0119895818881756
"816","IRF3","O",0.0119874970128634
"1023","POLR2A","I",0.0119765699507699
"695","POLR2A","I",0.0119690113569523
"855","POLR2A","I",0.0119555541217737
"885","MYC","I",0.011953685767495
"1057","MXI1","I",0.0119459867923699
"97","REST","I",0.011937809216901
"1201","POLR2A","I",0.0119238575996749
"1127","POLR2A","I",0.0119198726731702
"345","USF1","I",0.0119167257384069
"515","CTCF","I",0.011911498144425
"981","RELA","I",0.0118981776015627
"823","RCOR1","I",0.0118840555294678
"338","TAF1","O",0.0118441608663193
"363","CTCF","I",0.0118150189523811
"977","USF1","I",0.0118121934374946
"719","E2F4","I",0.0118029324372046
"811","POLR2A","I",0.0118012503791824
"565","CTCF","I",0.0117882947176942
"1195","MYC","I",0.0117843626931626
"418","KDM5B","O",0.0117817069914565
"993","MAZ","I",0.0117785291907165
"575","CHD7","I",0.0117152895709896
"620","IRF3","O",0.011697204398178
"1107","HCFC1","I",0.0116803004482188
"561","CTCF","I",0.011670716107853
"1177","YY1","I",0.0116697682810999
"1089","USF1","I",0.0116635015911738
"268","TAF1","O",0.011640601607474
"545","STAT3","I",0.0116225893370282
"53","FOSL2","I",0.0116181742239978
"817","RAD21","I",0.0116119749688282
"769","BACH1","I",0.0115896963866799
"795","ATF2","I",0.0115760821196587
"489","CTCF","I",0.0115662153442869
"1001","RAD21","I",0.0115540378407885
"971","RAD21","I",0.011551708860086
"379","RAD21","I",0.0115433209063475
"397","NR2C2","I",0.0115392019519807
"857","POLR2A","I",0.0115266652955681
"625","MXI1","I",0.0115182081478638
"963","E2F4","I",0.0115099265975726
"479","CTCF","I",0.0115030679000345
"929","GTF2F1","I",0.0114733728054087
"589","CTCF","I",0.0114681061566652
"431","CTCF","I",0.0114659424419048
"1149","USF1","I",0.011459130120576
"439","CTCF","I",0.0114565678633572
"465","CTCF","I",0.011452714414393
"631","ELF1","I",0.0114329962102444
"249","CTCF","I",0.0114306804722342
"687","RAD21","I",0.0114286829643078
"319","RCOR1","I",0.0114275709008093
"464","TAF1","O",0.0114152507580872
"507","CTCF","I",0.0113673743462901
"181","CTCF","I",0.0113336939605471
"503","CTCF","I",0.0113331789419297
"421","RAD21","I",0.0113285682714087
"523","CTCF","I",0.0113226873769477
"611","MXI1","I",0.0113116680624435
"454","RAD21","O",0.0112836709785559
"327","CTCF","I",0.0112836211998885
"635","MXI1","I",0.0112819537035626
"451","CTCF","I",0.0112774370335424
"1083","MYC","I",0.0112670343625969
"997","ELF1","I",0.0112645074821294
"813","GTF2F1","I",0.011259101921306
"531","CTCF","I",0.0112527434871627
"555","CTCF","I",0.0112487633855747
"377","CTCF","I",0.0112474804280615
"603","ATF2","I",0.0112401503969439
"113","NR2C2","I",0.0112393589010268
"669","MAZ","I",0.0112349087180646
"491","CTCF","I",0.0112287844665159
"1069","MYC","I",0.0112091366155865
"1079","RCOR1","I",0.011208864555694
"767","RCOR1","I",0.0112056347528275
"402","KDM5B","O",0.0112039987271443
"933","ZC3H11A","I",0.0112018167355297
"156","IRF3","O",0.0111916143779788
"359","CTCF","I",0.0111913240747186
"381","USF1","I",0.0111823065413988
"223","NR2C2","I",0.0111796849484782
"210","TCF12","O",0.0111673271695421
"633","CTCF","I",0.0111617603272442
"255","YY1","I",0.011154392969329
"403","BACH1","I",0.0111399764053658
"313","CTCF","I",0.0111335980384723
"355","CHD1","I",0.0111096000701372
"246","TCF12","O",0.0110980773679421
"918","ZKSCAN1","O",0.0110934194733356
"119","RAD21","I",0.0110878082120603
"373","CTCF","I",0.0110773961364276
"667","YY1","I",0.0110595204969659
"581","REST","I",0.011041595203672
"995","E2F4","I",0.0110352440960077
"659","CTCF","I",0.0110349372848906
"781","RCOR1","I",0.0110323249210047
"569","CTCF","I",0.0110279587832548
"385","CTCF","I",0.0110226704717615
"425","CTCF","I",0.0110159311739664
"793","USF1","I",0.011011878748596
"567","GTF2F1","I",0.0110035781798914
"449","CTCF","I",0.0109975939614885
"198","BCLAF1","O",0.0109975798948079
"1137","CTCF","I",0.0109874930288098
"818","RAD21","O",0.0109718200121401
"437","CTCF","I",0.010965929526531
"405","CTCF","I",0.0109589643746757
"1197","RCOR1","I",0.0109462495988684
"613","CTCF","I",0.0109392561861591
"422","RAD21","O",0.0109333092718862
"299","CTCF","I",0.0109320881985553
"755","CTCF","I",0.010919550396511
"1211","CTCF","I",0.0109095469522554
"221","RAD21","I",0.0109052541189612
"787","CTCF","I",0.0108921571379368
"955","ELK4","I",0.0108866522185514
"1061","USF1","I",0.010885071338972
"535","CTCF","I",0.0108832821363319
"65","FOSL2","I",0.010859762520717
"1008","RAD21","O",0.0108561396530236
"1159","USF1","I",0.0108543891604506
"1065","USF1","I",0.0108520526060435
"1009","CTCF","I",0.0108351650546705
"108","TAF1","O",0.0108350471876166
"294","TCF12","O",0.010827540030501
"307","CTCF","I",0.0108215977945029
"1155","CTCF","I",0.0108093549020003
"295","YY1","I",0.0107988599199135
"571","CTCF","I",0.0107570450906374
"101","ZC3H11A","I",0.0107515337836726
"380","RAD21","O",0.0107359677457527
"467","CTCF","I",0.0107321047082308
"939","CTCF","I",0.0107319243802599
"1085","USF1","I",0.0107273944004104
"1145","CTCF","I",0.0107209534619694
"747","CTCF","I",0.0107109153583159
"540","RAD21","O",0.0106827819503727
"317","RCOR1","I",0.0106565244125186
"953","ELK4","I",0.0106540497422747
"473","CTCF","I",0.0106525480340557
"1166","RAD21","O",0.0106408427770242
"261","CTCF","I",0.010629254721219
"120","RAD21","O",0.010620426466297
"287","CTCF","I",0.0106172237413694
"219","CTCF","I",0.0106138659099099
"321","CTCF","I",0.0106126742493336
"121","CTCF","I",0.0106041310746056
"447","YY1","I",0.0105970923638999
"251","ELF1","I",0.0105934957562798
"399","CTCF","I",0.0105842929111995
"1185","CTCF","I",0.0105822519148703
"675","SIRT6","I",0.0105624433793822
"1106","USF2","O",0.0105525234275667
"607","CTCF","I",0.0105495449605904
"1013","CTCF","I",0.0105447918555961
"485","CTCF","I",0.0105420977207072
"847","E2F4","I",0.0105302123665342
"1091","CTCF","I",0.0105283788610916
"499","CTCF","I",0.0105148086232461
"1063","E2F4","I",0.0105140447365063
"1059","HCFC1","I",0.0105098570024336
"653","CTCF","I",0.0105084421933442
"1217","CTCF","I",0.0105067750191141
"445","BCLAF1","I",0.0105066077188624
"433","CTCF","I",0.0105030444570202
"429","NFIC","I",0.010501095299931
"772","USF2","O",0.0104980677735409
"477","CTCF","I",0.010462224223149
"729","SIRT6","I",0.0104607698412726
"271","CTCF","I",0.0104334499061031
"1223","CTCF","I",0.0104263960372037
"41","FOSL2","I",0.0104081095486184
"759","CTCF","I",0.0104035803789475
"1161","CTCF","I",0.0103954659020917
"753","CTCF","I",0.0103891697335323
"1096","USF2","O",0.0103885795485928
"85","NR2C2","I",0.0103474590879034
"1049","YY1","I",0.0103440635855826
"1007","RAD21","I",0.0103430367602272
"146","SMARCC2","O",0.0103380395429559
"519","CTCF","I",0.0103214682632612
"726","SMC3","O",0.0103104812375543
"199","YY1","I",0.0103072798952052
"222","RAD21","O",0.010304735995699
"423","CTBP2","I",0.010303324330401
"972","RAD21","O",0.0102992148467076
"688","RAD21","O",0.010276001457964
"1143","CTCF","I",0.0102735482376618
"761","CTCF","I",0.0102547137212176
"655","CTCF","I",0.0102488208914093
"658","RAD21","O",0.0102476010053061
"819","STAT3","I",0.0102434526596122
"836","USF2","O",0.0102423935078599
"315","CTCF","I",0.0102398551506961
"395","CTCF","I",0.0102211363033632
"547","CTCF","I",0.0102147094519583
"96","E2F4","O",0.0101962920810353
"680","SMC3","O",0.010180349036442
"311","FOSL2","I",0.0101791540735764
"807","HCFC1","I",0.0101752153342557
"329","SMC3","I",0.0101669549090315
"1002","RAD21","O",0.0101555292074878
"1219","CTCF","I",0.0101378859858461
"841","CTCF","I",0.0101352290327006
"922","USF2","O",0.010126247556929
"874","USF2","O",0.0101233797832849
"848","E2F4","O",0.0101166272986143
"192","PML","O",0.01011658691833
"323","YY1","I",0.0101159758166561
"258","PML","O",0.0101057568725082
"501","CTCF","I",0.0101035025296081
"583","CTCF","I",0.0100949544789538
"483","CTCF","I",0.0100919297639228
"446","BCLAF1","O",0.0100890321184124
"415","CTCF","I",0.0100445723888478
"263","CTCF","I",0.0100435200754472
"487","CTCF","I",0.0100434405511402
"472","PML","O",0.0100294639652445
"732","USF2","O",0.0100278498696853
"1157","YY1","I",0.0100219028313092
"1064","E2F4","O",0.0100157873419764
"875","CTCF","I",0.00999049051919947
"914","TBL1XR1","O",0.00997021356889603
"601","CTCF","I",0.00996806217166379
"496","SMC3","O",0.00996657873632091
"13","REST","I",0.00996425267002496
"888","SMARCB1","O",0.00995079827640167
"196","E2F4","O",0.00993041296518773
"713","CTCF","I",0.00992898961816971
"709","CTCF","I",0.00990162168595712
"943","CTCF","I",0.0098819719966722
"833","CTCF","I",0.00987860923740045
"720","E2F4","O",0.00986547864926571
"618","SMC3","O",0.00986540102478676
"203","YY1","I",0.00984545830410119
"639","CTCF","I",0.00982228172401641
"1189","CTCF","I",0.00980133087746501
"996","E2F4","O",0.00978933240878936
"627","CTCF","I",0.00977361076581035
"1207","STAT3","I",0.0097728247462181
"215","SMC3","I",0.00976106902944229
"957","CTCF","I",0.0097282380751787
"302","SP1","O",0.00971806858251117
"240","MTA3","O",0.00971360513963927
"718","SMC3","O",0.00968239095724734
"17","ESRRA","I",0.00967619054224668
"941","CTCF","I",0.0096741338158196
"964","E2F4","O",0.00967157017645068
"553","CTCF","I",0.00965951679723065
"649","CTCF","I",0.0096528604440519
"330","SMC3","O",0.00962765089159821
"1018","UBTF","O",0.00962459060080029
"789","ATF1","I",0.00957621873812607
"1231","CTCF","I",0.00956595063347033
"505","CTCF","I",0.00951973592428964
"597","CTCF","I",0.00951041317805281
"216","SMC3","O",0.00949319788315689
"661","SMARCC1","I",0.00947554072885213
"693","CTCF","I",0.0094722351904173
"1200","TBL1XR1","O",0.00947216793659109
"460","SP1","O",0.0094706949887985
"657","RAD21","I",0.00946182424584915
"615","CTCF","I",0.00940175745431305
"95","E2F4","I",0.00934795903725271
"595","CTCF","I",0.0093349234660019
"666","SP1","O",0.00931596076448069
"361","CTCF","I",0.00931162222624254
"392","SP4","O",0.00927817262821509
"1125","CTCF","I",0.00925059721330134
"310","POLR2A","O",0.00924137060717199
"16","RXRA","O",0.00921316266013813
"513","REST","I",0.00920651736128075
"260","SP1","O",0.00920466834371147
"577","CTCF","I",0.00919135385320506
"717","SMC3","I",0.00918075204361936
"441","CTCF","I",0.00916617665767443
"475","CTCF","I",0.00906950904552506
"887","SMARCB1","I",0.00906910128922911
"704","MXI1","O",0.00903749652169023
"1026","UBTF","O",0.00894217102372628
"217","KAT2A","I",0.00885043556295725
"796","ATF2","O",0.0088115492297677
"1164","UBTF","O",0.00879696086741355
"195","E2F4","I",0.00875705941703896
"612","MXI1","O",0.00867011223552391
"604","ATF2","O",0.00860156638988966
"538","MXI1","O",0.00857473302075902
"626","MXI1","O",0.00854087700133833
"517","TBP","I",0.0085332902288304
"980","POLR2A","O",0.00852853841928939
"185","ESRRA","I",0.00851995743793302
"863","TBP","I",0.00850903968457129
"676","SIRT6","O",0.00848102184391111
"1104","POLR2A","O",0.00844865388407535
"586","MXI1","O",0.00843300568115489
"1033","SP2","I",0.00842008229435717
"734","MXI1","O",0.00839421680629147
"1035","TBP","I",0.00829505306063916
"1030","POLR2A","O",0.00828117933984169
"568","GTF2F1","O",0.00827978160057414
"383","SP2","I",0.00827774062371585
"90","ZC3H11A","O",0.00826801634888314
"1058","MXI1","O",0.00825211304207544
"1128","POLR2A","O",0.00822646188887431
"805","KAT2A","I",0.00822454803369486
"730","SIRT6","O",0.00822357584191149
"932","POLR2A","O",0.00819622436320608
"1198","RCOR1","O",0.0081812392285711
"924","MXI1","O",0.00816134727670846
"234","ZC3H11A","O",0.0081600290551674
"843","TBP","I",0.00815171673760095
"908","POLR2A","O",0.00815165588826362
"254","POLR2A","O",0.00814606502576723
"1202","POLR2A","O",0.00812420335279108
"882","POLR2A","O",0.00811661087915625
"1024","POLR2A","O",0.00810844703391474
"862","POLR2A","O",0.00810779099826291
"928","POLR2A","O",0.00810538841797353
"1038","POLR2A","O",0.00809824702271074
"711","TBP","I",0.00809718269559799
"856","POLR2A","O",0.00808587666879947
"636","MXI1","O",0.00805246217589329
"1240","POLR2A","O",0.00804823629525577
"1081","TBP","I",0.00804615171005909
"1040","POLR2A","O",0.00802494513254046
"1238","POLR2A","O",0.00802395911298878
"894","POLR2A","O",0.00801990786366287
"376","SP1","O",0.00801989810739034
"1226","POLR2A","O",0.00801862850979043
"858","POLR2A","O",0.00801402077163366
"1134","POLR2A","O",0.00800119947349122
"708","POLR2A","O",0.00800110613328188
"1242","POLR2A","O",0.00798261171237462
"1012","POLR2A","O",0.00795567929869001
"930","GTF2F1","O",0.00795074773430554
"840","POLR2A","O",0.00794308894911467
"320","RCOR1","O",0.00794082790741148
"78","RXRA","O",0.00792656161727774
"1246","POLR2A","O",0.00791443890345457
"906","POLR2A","O",0.0079100116080359
"824","RCOR1","O",0.00789775377820227
"1194","POLR2A","O",0.00787644973439027
"1080","RCOR1","O",0.00787420457992013
"646","POLR2A","O",0.00785883251175935
"235","SP2","I",0.00783224501676722
"700","POLR2A","O",0.00782682961262814
"1032","POLR2A","O",0.00782305582339685
"671","TBP","I",0.0078029501883814
"782","RCOR1","O",0.00778653315912304
"1068","POLR2A","O",0.00777581576755938
"1214","POLR2A","O",0.00774726529109963
"1100","POLR2A","O",0.00774693099732375
"1021","NRF1","I",0.00771819333875295
"896","POLR2A","O",0.00770323295383718
"852","POLR2A","O",0.00769354581689769
"768","RCOR1","O",0.00769055396612823
"791","NRF1","I",0.00768438775050374
"910","POLR2A","O",0.00768103114799989
"1152","POLR2A","O",0.00765913128011711
"696","POLR2A","O",0.00763567930059368
"870","POLR2A","O",0.00762343279175051
"93","BATF","I",0.00761790234731804
"985","NRF1","I",0.00758852549153652
"969","NRF1","I",0.00758667372790741
"1188","POLR2A","O",0.00758074843971699
"812","POLR2A","O",0.00756061519180651
"984","POLR2A","O",0.00753008771252983
"398","NR2C2","O",0.00750761140441799
"224","NR2C2","O",0.00749081486697446
"814","GTF2F1","O",0.00748717076931691
"897","NRF1","I",0.00748094844285908
"498","POLR2A","O",0.00747965589346877
"102","ZC3H11A","O",0.00744981723448234
"76","RXRA","O",0.00743843429984116
"114","NR2C2","O",0.00743457464007107
"785","NRF1","I",0.00736429186032655
"318","RCOR1","O",0.00732788156180351
"920","POLR2A","O",0.00730181974249106
"662","SMARCC1","O",0.00727350438624477
"860","POLR2A","O",0.00723705708787434
"125","TAL1","I",0.00719372381827252
"455","KDM4A","I",0.00696996106336971
"1117","KAT2A","I",0.00695889153682158
"1113","KAT2A","I",0.00690855231607885
"86","NR2C2","O",0.00687826830502544
"161","TAL1","I",0.00681493417617442
"1051","TAL1","I",0.00680271179790637
"934","ZC3H11A","O",0.00676579233991071
"5","REST","I",0.0067214643217012
"218","KAT2A","O",0.00665726177957018
"790","ATF1","O",0.00661503400513715
"954","ELK4","O",0.00659155914390795
"956","ELK4","O",0.00658874186956131
"163","TAL1","I",0.00658853343573558
"189","TAL1","I",0.00658731988468855
"871","TAL1","I",0.00602311833962936
"898","NRF1","O",0.00590600331202741
"792","NRF1","O",0.00589033818633822
"18","ESRRA","O",0.00573351925783193
"970","NRF1","O",0.00573051392784089
"786","NRF1","O",0.00567743167821496
"54","FOSL2","O",0.00561356882503734
"986","NRF1","O",0.00559114208811693
"806","KAT2A","O",0.00558135935102054
"1022","NRF1","O",0.0055528594744966
"66","FOSL2","O",0.00548827751049887
"8","RXRA","O",0.00546145912487568
"42","FOSL2","O",0.00544966476399023
"186","ESRRA","O",0.00539121259803821
"236","SP2","O",0.00536467164232417
"712","TBP","O",0.00536013873221976
"864","TBP","O",0.00535983314885041
"1034","SP2","O",0.00534165073951129
"1082","TBP","O",0.00532514740436857
"126","TAL1","O",0.00529711987404554
"384","SP2","O",0.00526918045325374
"312","FOSL2","O",0.00520764641655801
"1036","TBP","O",0.0051707555620218
"844","TBP","O",0.00506250506679719
"672","TBP","O",0.00505989896598865
"164","TAL1","O",0.00502924575472249
"518","TBP","O",0.00495974023833282
"1114","KAT2A","O",0.00493382177382746
"162","TAL1","O",0.00491424279256213
"865","SIN3A","I",0.00476139061595318
"1052","TAL1","O",0.00475458125989377
"1118","KAT2A","O",0.00473440962811017
"103","SIN3A","I",0.00473023250480648
"94","BATF","O",0.00471130540327093
"190","TAL1","O",0.00459423086759015
"456","KDM4A","O",0.00454510933533159
"529","SIN3A","I",0.00447585967149743
"179","SIN3A","I",0.00446167097232359
"557","SIN3A","I",0.00445866069050824
"1055","SIN3A","I",0.00442965508995293
"1045","SIN3A","I",0.0042822845557689
"959","SIN3A","I",0.00422370393973736
"872","TAL1","O",0.0041564814226079
"131","SIN3A","I",0.00412463359759372
"187","SIN3A","I",0.00407010813688749
"279","SIN3A","I",0.00405656287607104
"183","SIN3A","I",0.00378445407739338
"132","SIN3A","O",0.00353834878651653
"104","SIN3A","O",0.00345441370932032
"180","SIN3A","O",0.00344656893457475
"1056","SIN3A","O",0.00339964078078806
"530","SIN3A","O",0.00338067588154312
"184","SIN3A","O",0.00327840453048869
"280","SIN3A","O",0.00318355324379328
"558","SIN3A","O",0.00315867871918621
"188","SIN3A","O",0.00314740087884805
"1046","SIN3A","O",0.00311475661086674
"866","SIN3A","O",0.00309964403460021
"960","SIN3A","O",0.00302795027785753
