,Term,Overlap,P.value,Adjusted.P.value,Old.P.value,Old.Adjusted.P.value,Odds.Ratio,Combined.Score,Genes
GO_Cellular_Component_2018.1,axon (GO:0030424),17/141,1.45664130540779e-13,6.49662022211874e-11,0,0,11.4281872878223,337.788336045759,CNTNAP2;PTPRS;KCNC1;KCNA2;ATP1A3;KCNA6;SRCIN1;DNM1;DNM3;OLFM1;ATCAY;SYT11;MAP1B;NEFL;ADGRL1;KIF1B;KIF1A
KEGG_2019_Mouse.1,Synaptic vesicle cycle,13/77,1.40404276347569e-12,4.25424957333135e-10,0,0,16.00295439158,436.747275905885,NSF;ATP6V1A;SNAP25;SYT1;STXBP1;AP2B1;DNM1;DNM3;STX1B;ATP6V1B2;ATP6V0E2;VAMP2;ATP6V0A1
Reactome_2016.1,Neuronal System Homo sapiens R-HSA-112316,21/301,9.20515023887763e-12,1.40838798654828e-08,0,0,6.61302766449906,168.045352011028,NSF;GABRA1;RTN3;SNAP25;PTPRS;KCNC1;SYT1;STXBP1;KCNA2;ABAT;KCNA6;AP2B1;KCNAB2;SYN1;EPB41L1;DNAJC5;KCNQ2;TSPAN7;GNB1;NEFL;VAMP2
GO_Cellular_Component_2018.3,main axon (GO:0044304),8/33,1.48722140576704e-09,2.211002489907e-07,0,0,22.9786011776533,467.071234497554,CNTNAP2;SCN8A;KCNA2;KCNQ2;THY1;KCNAB2;ANK3;SPTBN1
GO_Cellular_Component_2018.2,dendrite (GO:0030425),16/215,1.18265426653084e-09,2.63731901436377e-07,0,0,7.05389617546567,144.996394902623,EPHA5;GABRA1;CNTNAP2;KCNC1;KCNA2;ANK3;THY1;SRCIN1;ATCAY;OPA1;MAP1B;MAP1A;ADGRB1;KIF1B;KIF1A;NCDN
BioPlanet_2019.1,Neuronal system,19/283,1.81388498380507e-10,2.73896632554566e-07,0,0,6.36377338268049,142.741855111925,NSF;GABRA1;SNAP25;KCNC1;SYT1;STXBP1;KCNA2;ABAT;KCNA6;AP2B1;KCNAB2;SYN1;STX1B;EPB41L1;DNAJC5;KCNQ2;GNB1;NEFL;VAMP2
GO_Cellular_Component_2018.4,lysosomal membrane (GO:0005765),17/291,1.38152342666002e-08,1.54039862072592e-06,0,0,5.53736909822316,100.212503595122,NSF;ATP6V1A;SLC36A1;ABCA2;ARRB1;AP2B1;SYNGR1;DNAJC5;EEF1A2;PSAP;GNB1;VPS41;ATP6V1B2;CDIP1;ATP13A2;ARL8A;ATP6V0A1
GO_Molecular_Function_2018.1,microtubule binding (GO:0008017),15/195,2.51929793622629e-09,2.89971192459646e-06,0,0,7.29128691213999,144.362271753365,DST;EML2;DNM1;TTBK2;CLIP3;DNM3;OPA1;MAP1B;MAP1A;KIF5A;KIF1B;MAP4;KIF1A;TPPP;MAPRE2
GO_Cellular_Component_2018.5,microtubule cytoskeleton (GO:0015630),19/388,3.27625840427457e-08,2.92242249661292e-06,0,0,4.64161821468706,79.9935494597847,ABCA2;DST;KCNAB2;EML2;DNM1;SEPT3;PPP2CA;DNM3;ACTR1B;SYNJ1;PPP2R1A;MAP1B;MAP1A;KIF5A;KIF1B;MAP4;KIF1A;TPPP;MAPRE2
BioPlanet_2019.2,L1CAM interactions,11/94,4.45690474504175e-09,3.36496308250652e-06,0,0,11.0920641322981,213.287208296059,DNM3;SCN8A;KCNQ2;CNTN1;ANK2;ANK3;AP2B1;DNM1;SPTBN1;SCN1A;SCN2B
BioPlanet_2019.3,Interaction between L1-type proteins and ankyrins,7/26,7.30522986479138e-09,3.67696569861166e-06,0,0,25.51950419249,478.099625513112,SCN8A;KCNQ2;ANK2;ANK3;SPTBN1;SCN1A;SCN2B
Reactome_2016.2,L1CAM interactions Homo sapiens R-HSA-373760,11/96,5.58912276845741e-09,4.27567891786992e-06,0,0,10.8609794628752,206.385148498173,DNM3;SCN8A;KCNQ2;CNTN1;ANK2;ANK3;AP2B1;DNM1;SPTBN1;SCN1A;SCN2B
GO_Molecular_Function_2018.2,kinesin binding (GO:0019894),7/28,1.29162487368932e-08,7.43330114808206e-06,0,0,23.696682464455,430.445017208342,ATCAY;CLSTN1;KIF1B;MAPK8IP2;MAPK8IP3;ACTB;TTBK2
Reactome_2016.3,Interaction between L1 and Ankyrins Homo sapiens R-HSA-445095,7/29,1.68743537704558e-08,8.60592042293243e-06,0,0,22.879555482922,409.486178369133,SCN8A;KCNQ2;ANK2;ANK3;SPTBN1;SCN1A;SCN2B
Reactome_2016.5,GABA synthesis, release, reuptake and degradation Homo sapiens R-HSA-888590,6/19,3.10684636379284e-08,9.50694987320609e-06,0,0,29.9326515340484,517.447919077272,SNAP25;SYT1;STXBP1;DNAJC5;ABAT;VAMP2
Reactome_2016.4,Neurotoxicity of clostridium toxins Homo sapiens R-HSA-168799,5/10,3.0086454805077e-08,1.15080689629419e-05,0,0,47.39336492891,820.814728575864,SNAP25;STX1B;SYT1;SV2A;VAMP2
BioPlanet_2019.4,GABA biosynthesis, release, reuptake and degradation,6/19,3.10684636379284e-08,1.1728345023318e-05,0,0,29.9326515340484,517.447919077272,SNAP25;SYT1;STXBP1;DNAJC5;ABAT;VAMP2
Reactome_2016.6,Transmission across Chemical Synapses Homo sapiens R-HSA-112315,14/211,5.6655497510942e-08,1.44471518652902e-05,0,0,6.28916690999753,104.942779969163,NSF;GABRA1;SNAP25;SYT1;STXBP1;ABAT;AP2B1;SYN1;EPB41L1;DNAJC5;TSPAN7;GNB1;NEFL;VAMP2
BioPlanet_2019.6,Dopamine neurotransmitter release cycle,5/12,9.29442339012721e-08,2.33909655318201e-05,0,0,39.4944707740916,639.465488116769,SNAP25;SYT1;STXBP1;SYN1;VAMP2
BioPlanet_2019.5,Neurotransmitter release cycle,7/36,8.47750784521119e-08,2.56020736925378e-05,0,0,18.4307530279094,300.112821391881,SNAP25;SYT1;STXBP1;DNAJC5;ABAT;SYN1;VAMP2
BioPlanet_2019.7,Transmission across chemical synapses,13/190,1.19452763528832e-07,2.57676675612195e-05,0,0,6.48540783237715,103.37963719829,NSF;SNAP25;GABRA1;SYT1;STXBP1;ABAT;AP2B1;SYN1;EPB41L1;DNAJC5;GNB1;NEFL;VAMP2
GO_Molecular_Function_2018.4,nucleoside-triphosphatase activity (GO:0017111),19/424,1.3177057293105e-07,3.79169823609097e-05,0,0,4.24751855494948,67.2900533618625,NSF;ABCA2;RAB3C;HSPA4;DIRAS1;HSPA4L;DNAJC27;DNM1;SEPT3;DNM3;OPA1;KIF5A;EEF1A2;GNB1;KIF1B;ATP13A2;KIF1A;RAB6B;ARL8A
GO_Molecular_Function_2018.3,syntaxin binding (GO:0019905),9/77,1.18370872702951e-07,4.54149581603654e-05,0,0,11.07896842494,176.703377080125,NSF;SNAP25;NAPB;SYT1;SYT11;STXBP1;SYT13;VAMP2;SYT7
GO_Molecular_Function_2018.5,syntaxin-1 binding (GO:0017075),5/15,3.43435630124348e-07,7.90588820546249e-05,0,0,31.5955766192733,470.276971151696,NSF;SNAP25;SYT1;STXBP1;VAMP2
GO_Cellular_Component_2018.6,lytic vacuole membrane (GO:0098852),13/233,1.23308320340226e-06,9.16591847862347e-05,0,0,5.2885299920672,71.9557012887073,NSF;ATP6V1A;SLC36A1;ABCA2;ARRB1;DNAJC5;PSAP;GNB1;VPS41;ATP6V1B2;ATP13A2;ARL8A;ATP6V0A1
GO_Molecular_Function_2018.6,tubulin binding (GO:0015631),14/255,5.77978530887254e-07,0.000110875548175205,0,0,5.20397732552737,74.7485206128077,EML2;DNM1;CLIP3;DNM3;OPA1;MAP1B;MAP1A;KIF5A;KIF1B;MAP4;KIF1A;TPPP;MAPRE2;ARL8A
Reactome_2016.9,Neurotransmitter Release Cycle Homo sapiens R-HSA-112310,7/51,1.0283195125592e-06,0.000174814317135064,0,0,13.0099433138184,179.37569446219,SNAP25;SYT1;DNAJC5;STXBP1;ABAT;SYN1;VAMP2
GO_Cellular_Component_2018.7,cytoskeleton (GO:0005856),19/520,2.8285364132205e-06,0.000180218177185192,0,0,3.4633612832665,44.2470418925708,SNAP25;DST;TMOD2;ANK3;SRCIN1;ACTB;EML2;SYN1;DNM1;SEPT3;PPP2CA;DNM3;ACTR1B;PPP2R1A;EPB41L1;MAP4;MAPRE2;INA;SPTBN1
Reactome_2016.8,Serotonin Neurotransmitter Release Cycle Homo sapiens R-HSA-181429,5/18,9.5492000849502e-07,0.000182628451624673,0,0,26.3296471827278,364.972044779147,SNAP25;SYT1;STXBP1;SYN1;VAMP2
Reactome_2016.7,Glycolysis Homo sapiens R-HSA-70171,6/32,9.25507977258598e-07,0.000202289600743665,0,0,17.7725118483412,246.912140146311,PPP2CA;PKM;PPP2R1A;ENO2;PFKP;HK1
Reactome_2016.10,Glucose metabolism Homo sapiens R-HSA-70326,8/79,1.84443693700916e-06,0.000282198851362402,0,0,9.59865618813366,126.73428769805,PPP2CA;PYGB;PKM;PPP2R1A;GOT2;ENO2;PFKP;HK1
Reactome_2016.11,Axon guidance Homo sapiens R-HSA-422475,19/515,2.45758066849202e-06,0.000341827129344799,0,0,3.49698615009433,45.1682381706455,EPHA5;PITPNA;ANK2;ARRB1;ANK3;AP2B1;ACTB;DNM1;ENAH;PPP2CA;DNM3;PPP2R1A;SCN8A;KCNQ2;CNTN1;NEFL;SPTBN1;SCN1A;SCN2B
GO_Molecular_Function_2018.7,hydrogen-exporting ATPase activity (GO:0036442),5/21,2.21021156751861e-06,0.000363421930601989,0,0,22.5682690137666,293.893530018229,ATP6V1A;ATP6V1B2;ATP2A2;ATP6V0E2;ATP6V0A1
GO_Biological_Process_2018.1,vesicle-mediated transport (GO:0016192),19/410,7.81247881385444e-08,0.000398670793870992,0,0,4.39255577389897,71.883992688402,NSF;NAPB;SNAP25;SYT1;APLP2;SYP;SYT13;MAPK8IP3;SYT7;DNM1;DNM3;STX1B;SYT11;KIF5A;VPS41;KIF1B;KIF1A;RAB6B;VAMP2
Reactome_2016.12,Dopamine Neurotransmitter Release Cycle Homo sapiens R-HSA-212676,5/23,3.59254217968172e-06,0.00045804912790942,0,0,20.6058108386565,258.327848300503,SNAP25;SYT1;STXBP1;SYN1;VAMP2
BioPlanet_2019.9,Norepinephrine neurotransmitter release cycle,4/11,3.74925249259446e-06,0.000629041251535292,0,0,34.46790176648,430.640381668592,SNAP25;SYT1;STXBP1;VAMP2
Reactome_2016.13,Iron uptake and transport Homo sapiens R-HSA-917937,6/43,5.65287359954626e-06,0.000665299739023522,0,0,13.2260553289981,159.815009902925,ATP6V1A;ATP6AP1;SLC22A17;ATP6V1B2;ATP6V0E2;ATP6V0A1
BioPlanet_2019.8,Acetylcholine neurotransmitter release cycle,4/11,3.74925249259446e-06,0.000707671407977203,0,0,34.46790176648,430.640381668592,SNAP25;SYT1;STXBP1;VAMP2
Reactome_2016.14,Insulin receptor recycling Homo sapiens R-HSA-77387,5/26,6.84443196669162e-06,0.00074799863635987,0,0,18.22821728035,216.771328614856,ATP6V1A;ATP6AP1;ATP6V1B2;ATP6V0E2;ATP6V0A1
GO_Biological_Process_2018.3,ion transport (GO:0006811),15/289,4.63542102942018e-07,0.000788485117104372,0,0,4.91972646320865,71.7511042444878,ATP6V1A;SLC36A1;GABRA1;TTYH3;SLC24A3;SLC12A5;ATP6AP1;ATP2A2;ATP1A3;ATP2B2;ATP6V1B2;VDAC1;ATP13A2;ATP6V0E2;ATP6V0A1
Reactome_2016.15,Uptake and actions of bacterial toxins Homo sapiens R-HSA-5339562,5/27,8.3282020608341e-06,0.000849476610205078,0,0,17.5530981218185,205.2986302285,SNAP25;STX1B;SYT1;SV2A;VAMP2
GO_Biological_Process_2018.4,vesicle fusion (GO:0006906),9/94,6.68642967669881e-07,0.00085302126600485,0,0,9.07532519915297,129.033115255626,SNAP25;STX1B;SYT1;SYT11;VPS41;SYT13;CALR;VAMP2;SYT7
GO_Biological_Process_2018.2,protein transport (GO:0015031),16/326,4.03123785950398e-07,0.00102857033985244,0,0,4.6521094408746,68.4977625028201,NSF;ATP6V1A;NAPB;RAB3C;ATP6AP1;ANK3;SCAMP1;DNAJC27;CLIP3;STX1B;ATP6V1B2;ATP6V0E2;RAB6B;SPTBN1;VAMP2;ATP6V0A1
Reactome_2016.16,Ion channel transport Homo sapiens R-HSA-983712,11/203,1.08863849810775e-05,0.00104101056381554,0,0,5.13622674106413,58.6967870434899,ATP6V1A;GABRA1;TTYH3;ATP6AP1;ATP6V1B2;ATP2A2;ATP1A3;ATP2B2;ATP13A2;ATP6V0E2;ATP6V0A1
Reactome_2016.17,Transferrin endocytosis and recycling Homo sapiens R-HSA-917977,5/29,1.2042481656353e-05,0.00108382334907177,0,0,16.3425396306586,185.113090728642,ATP6V1A;ATP6AP1;ATP6V1B2;ATP6V0E2;ATP6V0A1
BioPlanet_2019.10,Glycolysis,5/27,8.3282020608341e-06,0.00125755851118595,0,0,17.5530981218185,205.2986302285,PPP2CA;PPP2R1A;ENO2;PFKP;HK1
GO_Cellular_Component_2018.8,axolemma (GO:0030673),3/6,2.26167578918998e-05,0.00126088425247341,0,0,47.39336492891,506.958266673909,CNTNAP2;THY1;SPTBN1
BioPlanet_2019.11,Axon guidance,14/325,9.78175485877293e-06,0.00134276816697701,0,0,4.0831206707984,47.0987628705563,EPHA5;PITPNA;ANK2;ANK3;AP2B1;DNM1;ENAH;DNM3;SCN8A;KCNQ2;CNTN1;SPTBN1;SCN1A;SCN2B
GO_Biological_Process_2018.5,membrane fusion (GO:0061025),7/54,1.53145971045285e-06,0.00156300778048818,0,0,12.2871686852729,164.516455200735,NSF;DNM3;NAPB;OPA1;VPS41;DNM1;VAMP2
Reactome_2016.18,Transmembrane transport of small molecules Homo sapiens R-HSA-382551,19/594,1.86279237965639e-05,0.00158337352270793,0,0,3.03189876649592,33.0199511145278,ATP6V1A;SLC36A1;ABCA2;GABRA1;TTYH3;SLC24A3;SLC12A5;ATP6AP1;ATP2A2;ATP1A3;SLC2A3;ATP2B2;HK1;SLC22A17;GNB1;ATP6V1B2;ATP13A2;ATP6V0E2;ATP6V0A1
Reactome_2016.19,Acetylcholine Neurotransmitter Release Cycle Homo sapiens R-HSA-264642,4/17,2.57282806860259e-05,0.00207180365524314,0,0,22.3027599665459,235.693777647685,SNAP25;SYT1;STXBP1;VAMP2
GO_Cellular_Component_2018.9,lysosome (GO:0005764),15/422,4.46227666440849e-05,0.00221130599147354,0,0,3.36919655892725,33.7501393712234,NSF;ATP6V1A;SLC36A1;ABCA2;ARRB1;SYT7;DNAJC5;PSAP;GNB1;VPS41;ATP6V1B2;IDS;ATP13A2;ARL8A;ATP6V0A1
GO_Molecular_Function_2018.8,hydrogen ion transmembrane transporter activity (GO:0015078),6/51,1.55672963636171e-05,0.00223974476431541,0,0,11.1513799832729,123.449548158923,SLC36A1;ATP6V1A;ATP6V1B2;ATP2A2;ATP6V0E2;ATP6V0A1
BioPlanet_2019.12,Glutamate neurotransmitter release cycle,4/16,1.98381981430119e-05,0.00249630659966233,0,0,23.696682464455,256.585338380012,SNAP25;SYT1;STXBP1;VAMP2
Reactome_2016.20,Norepinephrine Neurotransmitter Release Cycle Homo sapiens R-HSA-181430,4/18,3.28064508823579e-05,0.00250969349250038,0,0,21.0637177461822,217.480471588609,SNAP25;SYT1;STXBP1;VAMP2
GO_Cellular_Component_2018.11,clathrin-sculpted gamma-aminobutyric acid transport vesicle (GO:0061200),3/8,6.2344995130475e-05,0.00252780616619926,0,0,35.5450236966825,344.176320839638,SYT1;DNAJC5;VAMP2
GO_Molecular_Function_2018.9,proton-transporting ATPase activity, rotational mechanism (GO:0046961),4/16,1.98381981430119e-05,0.00253708511806741,0,0,23.696682464455,256.585338380012,ATP6V1A;ATP6V1B2;ATP6V0E2;ATP6V0A1
GO_Cellular_Component_2018.10,clathrin-sculpted gamma-aminobutyric acid transport vesicle membrane (GO:0061202),3/8,6.2344995130475e-05,0.00278058678281919,0,0,35.5450236966825,344.176320839638,SYT1;DNAJC5;VAMP2
BioPlanet_2019.13,Vibrio cholerae infection,6/55,2.41952495166794e-05,0.0028103712900143,0,0,10.340370529944,109.911461387693,ATP6V1A;ATP6AP1;ATP6V1B2;ATP6V0E2;ACTB;ATP6V0A1
GO_Molecular_Function_2018.10,GTPase activity (GO:0003924),11/222,2.50691979320912e-05,0.00288546468198369,0,0,4.69663976772982,49.7555941393859,DNM3;RAB3C;OPA1;DIRAS1;EEF1A2;GNB1;DNAJC27;RAB6B;ARL8A;DNM1;SEPT3
GO_Cellular_Component_2018.13,axon initial segment (GO:0043194),3/9,9.27900463566161e-05,0.00318341235961929,0,0,31.5955766192733,293.370337535955,SCN8A;KCNQ2;ANK3
GO_Cellular_Component_2018.12,juxtaparanode region of axon (GO:0044224),3/9,9.27900463566161e-05,0.0034486967229209,0,0,31.5955766192733,293.370337535955,CNTNAP2;KCNA2;KCNAB2
BioPlanet_2019.14,Botulinum neurotoxicity,4/18,3.28064508823579e-05,0.00353841005945431,0,0,21.0637177461822,217.480471588609,SNAP25;STX1B;SYT1;VAMP2
GO_Biological_Process_2018.8,glucose catabolic process to pyruvate (GO:0061718),5/25,5.57585338532791e-06,0.00355669747816604,0,0,18.957345971564,229.328249833768,PKM;ENO2;PGM2L1;PFKP;HK1
GO_Biological_Process_2018.7,canonical glycolysis (GO:0061621),5/25,5.57585338532791e-06,0.00406479711790405,0,0,18.957345971564,229.328249833768,PKM;ENO2;PGM2L1;PFKP;HK1
BioPlanet_2019.15,Glucose metabolism,6/61,4.39701053905626e-05,0.00442632394264997,0,0,9.32328490404786,93.5311995453357,PPP2CA;PYGB;PPP2R1A;GOT2;ENO2;PFKP
GO_Biological_Process_2018.6,glycolytic process through glucose-6-phosphate (GO:0061620),5/25,5.57585338532791e-06,0.00474226330422139,0,0,18.957345971564,229.328249833768,PKM;ENO2;PGM2L1;PFKP;HK1
BioPlanet_2019.16,Transmembrane transport of small molecules,15/432,5.81522499585808e-05,0.00548811858984106,0,0,3.29120589784097,32.0973077521892,ATP6V1A;SLC36A1;ABCA2;GABRA1;SLC24A3;SLC12A5;ATP2A2;ATP1A3;SLC2A3;ATP2B2;HK1;GNB1;ATP6V1B2;ATP6V0E2;ATP6V0A1
GO_Biological_Process_2018.9,organelle membrane fusion (GO:0090174),7/71,9.88291618693797e-06,0.00560361347799383,0,0,9.34517054936252,107.7003144035,SNAP25;STX1B;SYT1;SYT11;SYT13;VAMP2;SYT7
GO_Biological_Process_2018.10,synaptic vesicle endocytosis (GO:0048488),5/29,1.2042481656353e-05,0.00614527838923692,0,0,16.3425396306586,185.113090728642,DNM3;NLGN2;SYT1;SYNJ1;DNM1
Reactome_2016.21,Voltage gated Potassium channels Homo sapiens R-HSA-1296072,5/43,8.65827810957957e-05,0.00630817405126511,0,0,11.0217127741651,103.101615725535,KCNC1;KCNA2;KCNQ2;KCNA6;KCNAB2
BioPlanet_2019.17,Epithelial cell signaling in Helicobacter pylori infection,6/68,8.15264468427917e-05,0.00724146674897738,0,0,8.3635349874547,78.7391950589742,ATP6V1A;MAPK9;ATP6AP1;ATP6V1B2;ATP6V0E2;ATP6V0A1
BioPlanet_2019.18,Voltage-gated potassium channels,5/43,8.65827810957957e-05,0.00726333330303619,0,0,11.0217127741651,103.101615725535,KCNC1;KCNA2;KCNQ2;KCNA6;KCNAB2
Reactome_2016.22,Glutamate Neurotransmitter Release Cycle Homo sapiens R-HSA-210500,4/24,0.000108406261251532,0.00753916271431109,0,0,15.7977883096366,144.227878515068,SNAP25;SYT1;STXBP1;VAMP2
GO_Cellular_Component_2018.14,node of Ranvier (GO:0033268),3/12,0.000237399173094235,0.00756285937143064,0,0,23.696682464455,197.767003767058,SCN8A;KCNQ2;ANK3
GO_Molecular_Function_2018.11,protein kinase binding (GO:0019901),16/495,7.66953702690815e-05,0.00802512465270116,0,0,3.06381349035377,29.031683164807,EPHA5;NSF;CADPS;ANK2;THY1;MAPK8IP2;MAPK8IP3;SRCIN1;ACTB;SYN1;DNM1;STX1B;SV2A;EEF1A2;VDAC1;YWHAG
GO_Biological_Process_2018.15,regulation of synaptic vesicle exocytosis (GO:2000300),4/17,2.57282806860259e-05,0.00875276108938601,0,0,22.3027599665459,235.693777647685,NAPB;STX1B;STXBP1;SYN1
GO_Biological_Process_2018.13,neuron development (GO:0048666),9/144,2.26968815230603e-05,0.00890939895478283,0,0,5.92417061611374,63.3488330613322,EPHA5;CNTNAP2;MAPK9;ATCAY;NEDD4;TBC1D24;MAP4;NCDN;MAPRE2
GO_Biological_Process_2018.11,regulation of calcium ion-dependent exocytosis (GO:0017158),6/53,1.94994635551759e-05,0.0090459784110966,0,0,10.7305731914513,116.374392589795,SCAMP5;SYT1;SYT11;SYT13;SYN1;SYT7
GO_Biological_Process_2018.14,modulation of chemical synaptic transmission (GO:0050804),7/82,2.56173188533461e-05,0.00933751272204465,0,0,8.09155010981389,85.5458252485656,STX1B;NLGN2;SYT1;CLSTN3;CLSTN1;MAPK8IP2;SYN1
GO_Biological_Process_2018.12,ion transmembrane transport (GO:0034220),11/219,2.21080892214048e-05,0.00940146494140241,0,0,4.76097729879461,51.0356150841789,ATP6V1A;GABRA1;TTYH3;ATP6AP1;ATP6V1B2;ATP2A2;ATP1A3;ATP2B2;ATP13A2;ATP6V0E2;ATP6V0A1
GO_Biological_Process_2018.18,plasma membrane organization (GO:0007009),5/36,3.60029351788583e-05,0.0102068321232063,0,0,13.1648235913639,134.701291338674,SYT11;ANK2;ANK3;SPTBN1;SYT7
GO_Biological_Process_2018.17,transferrin transport (GO:0033572),5/36,3.60029351788583e-05,0.0108072340128067,0,0,13.1648235913639,134.701291338674,ATP6V1A;ATP6AP1;ATP6V1B2;ATP6V0E2;ATP6V0A1
Reactome_2016.23,Integration of energy metabolism Homo sapiens R-HSA-163685,7/110,0.000167222514398069,0.0111239324795237,0,0,6.03188280913399,52.454370078601,PPP2CA;SNAP25;AHCYL1;PPP2R1A;STXBP1;GNB1;VAMP2
BioPlanet_2019.19,Glycolysis and gluconeogenesis,6/75,0.000141083270956592,0.0112124073233923,0,0,7.58293838862559,67.2315470539994,PKM;GOT2;SLC2A3;ENO2;PFKP;HK1
GO_Biological_Process_2018.16,ferric iron transport (GO:0015682),5/36,3.60029351788583e-05,0.0114826861386071,0,0,13.1648235913639,134.701291338674,ATP6V1A;ATP6AP1;ATP6V1B2;ATP6V0E2;ATP6V0A1
GO_Molecular_Function_2018.12,ATPase activity, coupled to transmembrane movement of ions, rotational mechanism (GO:0044769),4/25,0.000127993152125385,0.0122766765080265,0,0,15.1658767772512,135.939849016056,ATP6V1A;ATP6V1B2;ATP6V0E2;ATP6V0A1
BioPlanet_2019.20,Collecting duct acid secretion,4/27,0.000174662639180615,0.0131870292581364,0,0,14.0424784974548,121.50471084014,ATP6V1A;ATP6V1B2;ATP6V0E2;ATP6V0A1
GO_Molecular_Function_2018.13,kinase binding (GO:0019900),14/418,0.000149857529247096,0.0132681550894929,0,0,3.1746751627021,27.9556355661878,NSF;CAB39;CADPS;ANK2;THY1;MAPK8IP2;SRCIN1;ACTB;SYN1;DNM1;STX1B;SV2A;EEF1A2;VDAC1
GO_Molecular_Function_2018.14,nitric-oxide synthase binding (GO:0050998),3/11,0.000179443393468658,0.0147528104201732,0,0,25.85092632486,222.981062210045,DNM3;ACTB;DNM1
BioPlanet_2019.23,Gamma-aminobutyric acid receptor life cycle,3/12,0.000237399173094235,0.0155857717987954,0,0,23.696682464455,197.767003767058,NSF;GABRA1;DNM1
BioPlanet_2019.22,Beta-arrestins in GPCR desensitization,3/12,0.000237399173094235,0.016294215971468,0,0,23.696682464455,197.767003767058,KCNA2;ARRB1;DNM1
GO_Biological_Process_2018.19,vesicle organization (GO:0016050),8/127,6.15237803076765e-05,0.0165239921531618,0,0,5.97081762883905,57.8935659139186,STX1B;SNAP25;SYT1;SYT11;SYT13;SYT7;DNM1;VAMP2
Reactome_2016.24,Developmental Biology Homo sapiens R-HSA-1266738,20/786,0.000259903102815777,0.0165688228045058,0,0,2.41187607780712,19.910523444375,EPHA5;PITPNA;ANK2;ARRB1;ANK3;AP2B1;ACTB;DNM1;ENAH;PPP2CA;DNM3;STX1B;PPP2R1A;SCN8A;KCNQ2;CNTN1;NEFL;SPTBN1;SCN1A;SCN2B
BioPlanet_2019.21,Transferrin endocytosis and recycling,4/29,0.000232506998507251,0.0167183603688547,0,0,13.0740317045269,109.385065955659,ATP6V1A;ATP6V1B2;ATP6V0E2;ATP6V0A1
Reactome_2016.27,Retrograde neurotrophin signalling Homo sapiens R-HSA-177504,3/13,0.000306222510166931,0.0173526089094594,0,0,21.87386073642,176.9857505546,DNM3;AP2B1;DNM1
GO_Biological_Process_2018.22,positive regulation of synaptic transmission (GO:0050806),6/67,7.49857870896808e-05,0.0173932941599382,0,0,8.48836386786447,80.6242792772779,STX1B;NLGN2;SYT1;CLSTN3;CLSTN1;VAMP2
GO_Biological_Process_2018.21,protein localization to plasma membrane (GO:0072659),8/130,7.25709050579803e-05,0.0176347299290892,0,0,5.83302952971199,55.5942922244848,NSF;DPP6;STXBP1;ANK2;ANK3;ZDHHC22;SPTBN1;VAMP2
Reactome_2016.26,Glutamate Binding, Activation of AMPA Receptors and Synaptic Plasticity Homo sapiens R-HSA-399721,4/31,0.000302982597532759,0.01782936054712,0,0,12.2305457881058,99.0898662343933,NSF;EPB41L1;TSPAN7;AP2B1
GO_Molecular_Function_2018.15,delayed rectifier potassium channel activity (GO:0005251),4/29,0.000232506998507251,0.0178410370187897,0,0,13.0740317045269,109.385065955659,KCNC1;KCNA2;KCNQ2;KCNA6
GO_Biological_Process_2018.20,cellular metal ion homeostasis (GO:0006875),7/96,7.09185837288805e-05,0.0180948766384238,0,0,6.91153238546604,66.0326286814547,SLC24A3;ATP2A2;ATP1A3;ANK2;ATP2B2;ATP13A2;CALR
Reactome_2016.25,Trafficking of AMPA receptors Homo sapiens R-HSA-399719,4/31,0.000302982597532759,0.0185425349690048,0,0,12.2305457881058,99.0898662343933,NSF;EPB41L1;TSPAN7;AP2B1
GO_Biological_Process_2018.25,dynamin family protein polymerization involved in mitochondrial fission (GO:0003374),3/9,9.27900463566161e-05,0.0189403042623125,0,0,31.5955766192733,293.370337535955,DNM3;OPA1;DNM1
GO_Biological_Process_2018.24,dynamin family protein polymerization involved in membrane fission (GO:0003373),3/9,9.27900463566161e-05,0.0197294836065755,0,0,31.5955766192733,293.370337535955,DNM3;OPA1;DNM1
GO_Cellular_Component_2018.15,clathrin-coated vesicle (GO:0030136),6/100,0.000671701080510989,0.0199719121271934,0,0,5.68720379146919,41.5489884572779,SYT1;VPS41;AAK1;AP2B1;SCAMP1;VAMP2
GO_Biological_Process_2018.23,neuronal action potential (GO:0019228),4/23,9.10882973701332e-05,0.0202097209339039,0,0,16.4846486709252,153.367916276353,SCN8A;KCNA2;ANK3;SCN1A
GO_Biological_Process_2018.26,Golgi to plasma membrane protein transport (GO:0043001),4/24,0.000108406261251532,0.0212768135064065,0,0,15.7977883096366,144.227878515068,NSF;ANK3;VAMP2;SPTBN1
GO_Biological_Process_2018.27,inorganic cation transmembrane transport (GO:0098662),8/140,0.00012195905718057,0.0230502618071277,0,0,5.41638456330399,48.8115107186829,SLC24A3;ATP6AP1;SCN8A;ATP6V1B2;ATP2A2;ATP6V0E2;SCN1A;SCN2B
GO_Biological_Process_2018.28,regulation of potassium ion transmembrane transporter activity (GO:1901016),4/25,0.000127993152125385,0.0233267519748514,0,0,15.1658767772512,135.939849016056,CAB39;NEDD4;ANK2;VAMP2
Reactome_2016.28,ROS, RNS production in response to bacteria Homo sapiens R-HSA-1222556,4/34,0.000435657946920218,0.0238055949567119,0,0,11.1513799832729,86.2966618113041,ATP6V1A;ATP6V1B2;ATP6V0E2;ATP6V0A1
BioPlanet_2019.24,Retrograde neurotrophin signaling,3/14,0.000386712857330896,0.0243306839404022,0,0,20.31144211239,159.603820806747,DNM3;AP2B1;DNM1
Reactome_2016.29,Signaling by Insulin receptor Homo sapiens R-HSA-74752,11/311,0.000487604625574412,0.0257253474872017,0,0,3.35258530043736,25.5668345236718,PPP2CA;ATP6V1A;CAB39;ATP6AP1;PPP2R1A;ATP6V1B2;NEFL;ARRB1;ATP6V0E2;SPTBN1;ATP6V0A1
KEGG_2019_Mouse.2,Collecting duct acid secretion,4/27,0.000174662639180615,0.0264613898358631,0,0,14.0424784974548,121.50471084014,ATP6V1A;ATP6V1B2;ATP6V0E2;ATP6V0A1
Reactome_2016.30,Membrane Trafficking Homo sapiens R-HSA-199991,13/420,0.0005453025323723,0.0278104291509873,0,0,2.93387497178966,22.0456347453354,NSF;NAPB;ANK2;ARRB1;ANK3;DNM1;KIF5A;KIF1B;KIF1A;RAB6B;SPTBN1;VAMP2;YWHAG
GO_Molecular_Function_2018.16,calcium-transporting ATPase activity (GO:0005388),3/14,0.000386712857330896,0.0278191561742413,0,0,20.31144211239,159.603820806747,ATP2A2;ATP2B2;ATP13A2
GO_Biological_Process_2018.32,calcium ion regulated exocytosis (GO:0017156),3/11,0.000179443393468658,0.0286156136522051,0,0,25.85092632486,222.981062210045,SYT11;VAMP2;SYT7
GO_Biological_Process_2018.31,phagosome acidification (GO:0090383),4/27,0.000174662639180615,0.0287517241206025,0,0,14.0424784974548,121.50471084014,ATP6V1A;ATP6V1B2;ATP6V0E2;ATP6V0A1
Reactome_2016.31,Cardiac conduction Homo sapiens R-HSA-5576891,7/135,0.000583073250929435,0.0287774862555495,0,0,4.91486747410918,36.6019899194752,AHCYL1;SCN8A;ATP2A2;ATP1A3;ATP2B2;SCN1A;SCN2B
GO_Biological_Process_2018.29,cellular response to insulin stimulus (GO:0032869),7/110,0.000167222514398069,0.0294253962404601,0,0,6.03188280913399,52.454370078601,ATP6V1A;PKM;ATP6AP1;ATP6V1B2;ATP6V0E2;VAMP2;ATP6V0A1
GO_Biological_Process_2018.35,positive regulation of cell communication (GO:0010647),4/28,0.000202097924488436,0.029465877390414,0,0,13.54096140826,115.189684540733,SYT1;CLSTN3;CLSTN1;ANK3
GO_Biological_Process_2018.30,negative regulation of peptidyl-tyrosine phosphorylation (GO:0050732),4/27,0.000174662639180615,0.0297101149246226,0,0,14.0424784974548,121.50471084014,PPP2CA;PPP2R1A;THY1;SRCIN1
GO_Biological_Process_2018.34,transmembrane transport (GO:0055085),13/378,0.000199622175724332,0.0299609400800373,0,0,3.25986107976629,27.7710306910035,ATP6V1A;ABCA2;GABRA1;TTYH3;ATP6AP1;ATP2A2;ATP1A3;ATP2B2;SLC22A17;ATP6V1B2;ATP13A2;ATP6V0E2;ATP6V0A1
Reactome_2016.32,Potassium Channels Homo sapiens R-HSA-1296071,6/99,0.000636914152546185,0.0304524579186145,0,0,5.74465029441333,42.2741673407871,KCNC1;KCNQ2;GNB1;KCNA2;KCNAB2;KCNA6
GO_Biological_Process_2018.33,regulation of exocytosis (GO:0017157),5/51,0.000197330311062859,0.0305144417379929,0,0,9.29281665272744,79.2735947163414,NSF;RAB3C;ATP6AP1;SYT1;VAMP2
BioPlanet_2019.26,Developmental biology,13/420,0.0005453025323723,0.0316694932262374,0,0,2.93387497178966,22.0456347453354,PITPNA;ANK2;ANK3;AP2B1;DNM1;ENAH;DNM3;SCN8A;KCNQ2;CNTN1;SPTBN1;SCN1A;SCN2B
GO_Biological_Process_2018.37,synaptic vesicle recycling (GO:0036465),4/29,0.000232506998507251,0.0320671138752027,0,0,13.0740317045269,109.385065955659,NLGN2;SYT1;SYNJ1;SYT7
GO_Cellular_Component_2018.16,dendrite membrane (GO:0032590),3/20,0.00115590799310421,0.0322209353077797,0,0,14.218009478673,96.1545370043569,GABRA1;KCNC1;THY1
Reactome_2016.33,Trafficking of GluR2-containing AMPA receptors Homo sapiens R-HSA-416993,3/17,0.000705755563801647,0.0327213943217127,0,0,16.7270699749094,121.375661120679,NSF;TSPAN7;AP2B1
BioPlanet_2019.25,Glycogen metabolism,4/36,0.000544317063668829,0.0328767506455973,0,0,10.5318588730911,79.157226364041,PPP2CA;PYGB;PPP2R2C;PPP2R1A
GO_Biological_Process_2018.36,regulation of macroautophagy (GO:0016241),7/116,0.000232339564142416,0.0329341332171875,0,0,5.71988887073051,47.8600868808593,ATP6V1A;LARP1;NEDD4;ATP6V1B2;ATP13A2;ATP6V0E2;ATP6V0A1
BioPlanet_2019.27,Latent infection of Homo sapiens with Mycobacterium tuberculosis,4/37,0.000605292387977198,0.0338515372535396,0,0,10.2472140386832,75.9297956271626,ATP6V1A;ATP6V1B2;ATP6V0E2;ATP6V0A1
BioPlanet_2019.28,Potassium channels,6/99,0.000636914152546185,0.034347870369455,0,0,5.74465029441333,42.2741673407871,KCNC1;KCNQ2;GNB1;KCNA2;KCNAB2;KCNA6
Reactome_2016.35,Neurotransmitter Receptor Binding And Downstream Transmission In The  Postsynaptic Cell Homo sapiens R-HSA-112314,7/142,0.000787041258688783,0.0344049464512525,0,0,4.67258527468126,33.3960411184472,NSF;GABRA1;EPB41L1;TSPAN7;GNB1;NEFL;AP2B1
Reactome_2016.34,Vesicle-mediated transport Homo sapiens R-HSA-5653656,14/492,0.000767906367535081,0.0345557865390786,0,0,2.69718336993796,19.3437749958186,NSF;NAPB;ANK2;ARRB1;ANK3;DNM1;KIF5A;KIF1B;CALR;KIF1A;RAB6B;SPTBN1;VAMP2;YWHAG
GO_Biological_Process_2018.38,chemical synaptic transmission (GO:0007268),11/289,0.000262276058500743,0.035220913856034,0,0,3.60779940635301,29.7503214075763,NAPB;GABRA1;SNAP25;SLC12A5;SYT1;NOVA1;KCNQ2;KIF5A;KIF1B;SYN1;SCN2B
Reactome_2016.36,Metabolism of carbohydrates Homo sapiens R-HSA-71387,10/282,0.0008582315384642,0.0364748403847285,0,0,3.36123155524184,23.7324346628068,PPP2CA;PYGB;PKM;PPP2R1A;GOT2;IDS;SLC2A3;ENO2;PFKP;HK1
BioPlanet_2019.29,Beta-arrestin-dependent recruitment of Src kinases in GPCR signaling,3/17,0.000705755563801647,0.0367479621151892,0,0,16.7270699749094,121.375661120679,KCNA2;ARRB1;DNM1
BioPlanet_2019.30,Iron uptake and transport,4/39,0.000741516728466282,0.0373230086661362,0,0,9.72171588285332,70.062586815755,ATP6V1A;ATP6V1B2;ATP6V0E2;ATP6V0A1
GO_Biological_Process_2018.43,calcium ion homeostasis (GO:0055074),6/87,0.000318646343109916,0.0378151695090674,0,0,6.53701585226344,52.6323171267628,SLC24A3;ATP2A2;ANK2;ATP2B2;ATP13A2;CALR
GO_Biological_Process_2018.41,regulation of secretion by cell (GO:1903530),5/56,0.000307478773910166,0.03826985812838,0,0,8.46310088016249,68.4419812206725,NSF;RAB3C;SYT1;SYN1;VAMP2
GO_Biological_Process_2018.46,neuron projection morphogenesis (GO:0048812),8/163,0.000345059153237414,0.0382790621515331,0,0,4.6521094408746,37.0856613704933,NCKAP1;CNTNAP2;MAP1B;MAP1A;ADGRB1;ANK3;MAPK8IP2;CELSR2
GO_Biological_Process_2018.42,regulation of autophagy (GO:0010506),9/203,0.000315561089621844,0.0383406723890541,0,0,4.20236733359793,33.8759481712162,ATP6V1A;NEDD4;EEF1A2;PSAP;ATP6V1B2;VDAC1;ATP13A2;ATP6V0E2;ATP6V0A1
GO_Biological_Process_2018.40,protein localization to membrane (GO:0072657),8/160,0.000304486354830327,0.038844846717479,0,0,4.739336492891,38.3738591637036,DPP6;NLGN2;STXBP1;ANK2;ANK3;THY1;ZDHHC22;SPTBN1
GO_Biological_Process_2018.45,phagosome maturation (GO:0090382),4/32,0.000343422916337003,0.0389441587126161,0,0,11.8483412322275,94.5088611146073,ATP6V1A;ATP6V1B2;ATP6V0E2;ATP6V0A1
GO_Biological_Process_2018.39,proton transport (GO:0015992),4/31,0.000302982597532759,0.0396441075694787,0,0,12.2305457881058,99.0898662343933,SLC36A1;ATP6AP1;ATP6V1B2;ATP6V0E2
GO_Biological_Process_2018.44,regulation of potassium ion transmembrane transport (GO:1901379),4/32,0.000343422916337003,0.0398292532288119,0,0,11.8483412322275,94.5088611146073,DPP6;CAB39;NEDD4;KCNAB2
GO_Biological_Process_2018.47,intracellular pH reduction (GO:0051452),4/33,0.000387584154925829,0.0420817434592873,0,0,11.4893005888267,90.2550918712922,ATP6V1A;ATP6V1B2;ATP6V0E2;ATP6V0A1
BioPlanet_2019.32,ERBB1 downstream pathway,6/106,0.000912405033568566,0.0430541125215167,0,0,5.36528659572565,37.5539294503719,CYFIP2;PPP2CA;NCKAP1;MAPK9;PPP2R1A;YWHAG
Reactome_2016.39,Golgi-to-ER retrograde transport Homo sapiens R-HSA-8856688,6/110,0.00110646421449606,0.0434074422609994,0,0,5.17018526497199,35.1913092985724,NSF;NAPB;KIF5A;KIF1B;KIF1A;RAB6B
Reactome_2016.38,Toxicity of botulinum toxin type F (BoNT/F) Homo sapiens R-HSA-5250981,2/5,0.00108480544867284,0.0436776930649855,0,0,37.914691943128,258.819132437786,SV2A;VAMP2
BioPlanet_2019.31,Carbohydrate metabolism,9/235,0.00090523727164562,0.0440938154898351,0,0,3.63013007966119,25.43745940511,PPP2CA;PYGB;PPP2R1A;GOT2;IDS;SLC2A3;ENO2;PFKP;HK1
Reactome_2016.40,Muscle contraction Homo sapiens R-HSA-397014,8/196,0.00115708074491128,0.0442583384928564,0,0,3.86884611664571,26.1605766323122,AHCYL1;SCN8A;TMOD2;ATP2A2;ATP1A3;ATP2B2;SCN1A;SCN2B
Reactome_2016.37,Toxicity of botulinum toxin type D (BoNT/D) Homo sapiens R-HSA-5250955,2/5,0.00108480544867284,0.044858171255931,0,0,37.914691943128,258.819132437786,SV2A;VAMP2
GO_Cellular_Component_2018.18,phagocytic vesicle (GO:0045335),5/83,0.00185787352742223,0.0460339774016841,0,0,5.71004396733855,35.906599155539,SYT11;CALR;ATP6V0E2;SYT7;ATP6V0A1
GO_Cellular_Component_2018.17,microtubule (GO:0005874),8/210,0.00179121614348171,0.0469930823525203,0,0,3.61092304220266,22.8385844461566,SYNJ1;MAP1B;MAP1A;KIF5A;KIF1B;KIF1A;TPPP;KCNAB2
GO_Cellular_Component_2018.19,cytoplasmic vesicle (GO:0031410),8/215,0.00207471327828596,0.0487011643218705,0,0,3.52694808773283,21.7892465609572,DNM3;ABCA2;RAB3C;DST;KIF1B;ARRB1;VAMP2;DNM1
BioPlanet_2019.33,Blockade of neurotransmitter release by botulinum toxin,2/5,0.00108480544867284,0.0496380674998785,0,0,37.914691943128,258.819132437786,SNAP25;VAMP2
GO_Cellular_Component_2018.21,perinuclear region of cytoplasm (GO:0048471),11/378,0.00234004516035204,0.0496981019770004,0,0,2.75834399057148,16.7089033214306,CYFIP2;EPHA5;DNM3;RAB3C;SET;SYNJ1;NEDD4;ADGRB1;CALR;TPPP;VAMP2
GO_Cellular_Component_2018.22,polymeric cytoskeletal fiber (GO:0099513),8/221,0.0024603024061421,0.0498770396881535,0,0,3.43119384100706,20.612797520163,SYNJ1;MAP1B;MAP1A;KIF5A;KIF1B;KIF1A;TPPP;KCNAB2
